scheme_id,district_id,year,month,beneficiaries
SCH01,MP01,2013,1,3175
SCH01,MP02,2013,1,3945
SCH01,MP03,2013,1,3653
SCH01,MP04,2013,1,3474
SCH01,MP05,2013,1,2882
SCH01,MP06,2013,1,2882
SCH01,MP07,2013,1,2751
SCH01,MP08,2013,1,3832
SCH01,MP09,2013,1,3478
SCH01,MP10,2013,1,3621
SCH01,MP11,2013,1,2701
SCH01,MP12,2013,1,3971
SCH01,MP13,2013,1,3787
SCH01,MP14,2013,1,2958
SCH01,MP15,2013,1,2917
SCH01,MP16,2013,1,2919
SCH01,MP17,2013,1,3081
SCH01,MP18,2013,1,3375
SCH01,MP19,2013,1,3251
SCH01,MP20,2013,1,3063
SCH01,MP21,2013,1,3492
SCH01,MP22,2013,1,2860
SCH01,MP23,2013,1,3064
SCH01,MP24,2013,1,3164
SCH01,MP25,2013,1,3284
SCH01,MP26,2013,1,3724
SCH01,MP27,2013,1,2941
SCH01,MP28,2013,1,3361
SCH01,MP29,2013,1,3466
SCH01,MP30,2013,1,2736
SCH01,MP31,2013,1,3486
SCH01,MP32,2013,1,2902
SCH01,MP33,2013,1,2761
SCH01,MP34,2013,1,3943
SCH01,MP35,2013,1,3965
SCH01,MP36,2013,1,3755
SCH01,MP37,2013,1,3081
SCH01,MP38,2013,1,2804
SCH01,MP39,2013,1,3589
SCH01,MP40,2013,1,3262
SCH01,MP41,2013,1,2837
SCH01,MP42,2013,1,3336
SCH01,MP43,2013,1,2720
SCH01,MP44,2013,1,3890
SCH01,MP45,2013,1,3020
SCH01,MP46,2013,1,3560
SCH01,MP47,2013,1,3091
SCH01,MP48,2013,1,3369
SCH01,MP49,2013,1,3405
SCH01,MP50,2013,1,2921
SCH01,MP51,2013,1,3970
SCH01,MP01,2013,2,6459
SCH01,MP02,2013,2,8026
SCH01,MP03,2013,2,7431
SCH01,MP04,2013,2,7068
SCH01,MP05,2013,2,5864
SCH01,MP06,2013,2,5864
SCH01,MP07,2013,2,5598
SCH01,MP08,2013,2,7796
SCH01,MP09,2013,2,7075
SCH01,MP10,2013,2,7366
SCH01,MP11,2013,2,5496
SCH01,MP12,2013,2,8078
SCH01,MP13,2013,2,7704
SCH01,MP14,2013,2,6017
SCH01,MP15,2013,2,5934
SCH01,MP16,2013,2,5939
SCH01,MP17,2013,2,6267
SCH01,MP18,2013,2,6867
SCH01,MP19,2013,2,6615
SCH01,MP20,2013,2,6232
SCH01,MP21,2013,2,7104
SCH01,MP22,2013,2,5819
SCH01,MP23,2013,2,6234
SCH01,MP24,2013,2,6436
SCH01,MP25,2013,2,6680
SCH01,MP26,2013,2,7575
SCH01,MP27,2013,2,5983
SCH01,MP28,2013,2,6839
SCH01,MP29,2013,2,7051
SCH01,MP30,2013,2,5566
SCH01,MP31,2013,2,7092
SCH01,MP32,2013,2,5904
SCH01,MP33,2013,2,5617
SCH01,MP34,2013,2,8021
SCH01,MP35,2013,2,8066
SCH01,MP36,2013,2,7639
SCH01,MP37,2013,2,6268
SCH01,MP38,2013,2,5705
SCH01,MP39,2013,2,7301
SCH01,MP40,2013,2,6637
SCH01,MP41,2013,2,5772
SCH01,MP42,2013,2,6787
SCH01,MP43,2013,2,5533
SCH01,MP44,2013,2,7913
SCH01,MP45,2013,2,6144
SCH01,MP46,2013,2,7242
SCH01,MP47,2013,2,6288
SCH01,MP48,2013,2,6854
SCH01,MP49,2013,2,6927
SCH01,MP50,2013,2,5943
SCH01,MP51,2013,2,8077
SCH01,MP01,2013,3,6466
SCH01,MP02,2013,3,8035
SCH01,MP03,2013,3,7439
SCH01,MP04,2013,3,7076
SCH01,MP05,2013,3,5871
SCH01,MP06,2013,3,5871
SCH01,MP07,2013,3,5604
SCH01,MP08,2013,3,7805
SCH01,MP09,2013,3,7083
SCH01,MP10,2013,3,7374
SCH01,MP11,2013,3,5502
SCH01,MP12,2013,3,8087
SCH01,MP13,2013,3,7713
SCH01,MP14,2013,3,6024
SCH01,MP15,2013,3,5941
SCH01,MP16,2013,3,5945
SCH01,MP17,2013,3,6275
SCH01,MP18,2013,3,6875
SCH01,MP19,2013,3,6622
SCH01,MP20,2013,3,6239
SCH01,MP21,2013,3,7112
SCH01,MP22,2013,3,5826
SCH01,MP23,2013,3,6242
SCH01,MP24,2013,3,6444
SCH01,MP25,2013,3,6688
SCH01,MP26,2013,3,7584
SCH01,MP27,2013,3,5990
SCH01,MP28,2013,3,6846
SCH01,MP29,2013,3,7059
SCH01,MP30,2013,3,5573
SCH01,MP31,2013,3,7101
SCH01,MP32,2013,3,5910
SCH01,MP33,2013,3,5623
SCH01,MP34,2013,3,8030
SCH01,MP35,2013,3,8076
SCH01,MP36,2013,3,7648
SCH01,MP37,2013,3,6276
SCH01,MP38,2013,3,5712
SCH01,MP39,2013,3,7309
SCH01,MP40,2013,3,6645
SCH01,MP41,2013,3,5778
SCH01,MP42,2013,3,6795
SCH01,MP43,2013,3,5540
SCH01,MP44,2013,3,7922
SCH01,MP45,2013,3,6151
SCH01,MP46,2013,3,7250
SCH01,MP47,2013,3,6295
SCH01,MP48,2013,3,6862
SCH01,MP49,2013,3,6935
SCH01,MP50,2013,3,5949
SCH01,MP51,2013,3,8086
SCH01,MP01,2019,1,5299
SCH01,MP02,2019,1,6585
SCH01,MP03,2019,1,6097
SCH01,MP04,2019,1,5799
SCH01,MP05,2019,1,4811
SCH01,MP06,2019,1,4811
SCH01,MP07,2019,1,4593
SCH01,MP08,2019,1,6396
SCH01,MP09,2019,1,5805
SCH01,MP10,2019,1,6043
SCH01,MP11,2019,1,4509
SCH01,MP12,2019,1,6628
SCH01,MP13,2019,1,6321
SCH01,MP14,2019,1,4937
SCH01,MP15,2019,1,4869
SCH01,MP16,2019,1,4872
SCH01,MP17,2019,1,5142
SCH01,MP18,2019,1,5634
SCH01,MP19,2019,1,5427
SCH01,MP20,2019,1,5113
SCH01,MP21,2019,1,5829
SCH01,MP22,2019,1,4774
SCH01,MP23,2019,1,5115
SCH01,MP24,2019,1,5281
SCH01,MP25,2019,1,5481
SCH01,MP26,2019,1,6215
SCH01,MP27,2019,1,4909
SCH01,MP28,2019,1,5611
SCH01,MP29,2019,1,5785
SCH01,MP30,2019,1,4567
SCH01,MP31,2019,1,5819
SCH01,MP32,2019,1,4844
SCH01,MP33,2019,1,4608
SCH01,MP34,2019,1,6581
SCH01,MP35,2019,1,6618
SCH01,MP36,2019,1,6267
SCH01,MP37,2019,1,5143
SCH01,MP38,2019,1,4681
SCH01,MP39,2019,1,5990
SCH01,MP40,2019,1,5445
SCH01,MP41,2019,1,4735
SCH01,MP42,2019,1,5568
SCH01,MP43,2019,1,4540
SCH01,MP44,2019,1,6493
SCH01,MP45,2019,1,5041
SCH01,MP46,2019,1,5942
SCH01,MP47,2019,1,5159
SCH01,MP48,2019,1,5624
SCH01,MP49,2019,1,5683
SCH01,MP50,2019,1,4876
SCH01,MP51,2019,1,6627
SCH01,MP01,2019,2,5608
SCH01,MP02,2019,2,6969
SCH01,MP03,2019,2,6453
SCH01,MP04,2019,2,6138
SCH01,MP05,2019,2,5092
SCH01,MP06,2019,2,5092
SCH01,MP07,2019,2,4861
SCH01,MP08,2019,2,6770
SCH01,MP09,2019,2,6143
SCH01,MP10,2019,2,6396
SCH01,MP11,2019,2,4772
SCH01,MP12,2019,2,7015
SCH01,MP13,2019,2,6690
SCH01,MP14,2019,2,5225
SCH01,MP15,2019,2,5153
SCH01,MP16,2019,2,5157
SCH01,MP17,2019,2,5442
SCH01,MP18,2019,2,5963
SCH01,MP19,2019,2,5744
SCH01,MP20,2019,2,5411
SCH01,MP21,2019,2,6169
SCH01,MP22,2019,2,5053
SCH01,MP23,2019,2,5414
SCH01,MP24,2019,2,5589
SCH01,MP25,2019,2,5801
SCH01,MP26,2019,2,6578
SCH01,MP27,2019,2,5195
SCH01,MP28,2019,2,5938
SCH01,MP29,2019,2,6123
SCH01,MP30,2019,2,4833
SCH01,MP31,2019,2,6159
SCH01,MP32,2019,2,5126
SCH01,MP33,2019,2,4877
SCH01,MP34,2019,2,6965
SCH01,MP35,2019,2,7004
SCH01,MP36,2019,2,6633
SCH01,MP37,2019,2,5443
SCH01,MP38,2019,2,4954
SCH01,MP39,2019,2,6340
SCH01,MP40,2019,2,5763
SCH01,MP41,2019,2,5012
SCH01,MP42,2019,2,5893
SCH01,MP43,2019,2,4805
SCH01,MP44,2019,2,6871
SCH01,MP45,2019,2,5335
SCH01,MP46,2019,2,6288
SCH01,MP47,2019,2,5460
SCH01,MP48,2019,2,5952
SCH01,MP49,2019,2,6015
SCH01,MP50,2019,2,5160
SCH01,MP51,2019,2,7014
SCH01,MP01,2019,3,5491
SCH01,MP02,2019,3,6823
SCH01,MP03,2019,3,6318
SCH01,MP04,2019,3,6009
SCH01,MP05,2019,3,4986
SCH01,MP06,2019,3,4985
SCH01,MP07,2019,3,4759
SCH01,MP08,2019,3,6628
SCH01,MP09,2019,3,6015
SCH01,MP10,2019,3,6262
SCH01,MP11,2019,3,4672
SCH01,MP12,2019,3,6868
SCH01,MP13,2019,3,6550
SCH01,MP14,2019,3,5116
SCH01,MP15,2019,3,5045
SCH01,MP16,2019,3,5049
SCH01,MP17,2019,3,5328
SCH01,MP18,2019,3,5838
SCH01,MP19,2019,3,5624
SCH01,MP20,2019,3,5298
SCH01,MP21,2019,3,6040
SCH01,MP22,2019,3,4947
SCH01,MP23,2019,3,5300
SCH01,MP24,2019,3,5472
SCH01,MP25,2019,3,5679
SCH01,MP26,2019,3,6441
SCH01,MP27,2019,3,5086
SCH01,MP28,2019,3,5814
SCH01,MP29,2019,3,5995
SCH01,MP30,2019,3,4732
SCH01,MP31,2019,3,6030
SCH01,MP32,2019,3,5019
SCH01,MP33,2019,3,4775
SCH01,MP34,2019,3,6819
SCH01,MP35,2019,3,6858
SCH01,MP36,2019,3,6494
SCH01,MP37,2019,3,5329
SCH01,MP38,2019,3,4851
SCH01,MP39,2019,3,6207
SCH01,MP40,2019,3,5643
SCH01,MP41,2019,3,4907
SCH01,MP42,2019,3,5770
SCH01,MP43,2019,3,4704
SCH01,MP44,2019,3,6728
SCH01,MP45,2019,3,5223
SCH01,MP46,2019,3,6157
SCH01,MP47,2019,3,5346
SCH01,MP48,2019,3,5827
SCH01,MP49,2019,3,5889
SCH01,MP50,2019,3,5052
SCH01,MP51,2019,3,6867
SCH01,MP01,2019,4,5419
SCH01,MP02,2019,4,6734
SCH01,MP03,2019,4,6235
SCH01,MP04,2019,4,5931
SCH01,MP05,2019,4,4921
SCH01,MP06,2019,4,4920
SCH01,MP07,2019,4,4697
SCH01,MP08,2019,4,6541
SCH01,MP09,2019,4,5936
SCH01,MP10,2019,4,6181
SCH01,MP11,2019,4,4611
SCH01,MP12,2019,4,6778
SCH01,MP13,2019,4,6464
SCH01,MP14,2019,4,5049
SCH01,MP15,2019,4,4979
SCH01,MP16,2019,4,4983
SCH01,MP17,2019,4,5259
SCH01,MP18,2019,4,5762
SCH01,MP19,2019,4,5550
SCH01,MP20,2019,4,5229
SCH01,MP21,2019,4,5961
SCH01,MP22,2019,4,4883
SCH01,MP23,2019,4,5231
SCH01,MP24,2019,4,5401
SCH01,MP25,2019,4,5605
SCH01,MP26,2019,4,6357
SCH01,MP27,2019,4,5020
SCH01,MP28,2019,4,5738
SCH01,MP29,2019,4,5917
SCH01,MP30,2019,4,4670
SCH01,MP31,2019,4,5951
SCH01,MP32,2019,4,4954
SCH01,MP33,2019,4,4713
SCH01,MP34,2019,4,6730
SCH01,MP35,2019,4,6768
SCH01,MP36,2019,4,6410
SCH01,MP37,2019,4,5260
SCH01,MP38,2019,4,4787
SCH01,MP39,2019,4,6126
SCH01,MP40,2019,4,5569
SCH01,MP41,2019,4,4843
SCH01,MP42,2019,4,5695
SCH01,MP43,2019,4,4643
SCH01,MP44,2019,4,6640
SCH01,MP45,2019,4,5155
SCH01,MP46,2019,4,6077
SCH01,MP47,2019,4,5276
SCH01,MP48,2019,4,5751
SCH01,MP49,2019,4,5812
SCH01,MP50,2019,4,4986
SCH01,MP51,2019,4,6777
SCH01,MP01,2019,5,5182
SCH01,MP02,2019,5,6439
SCH01,MP03,2019,5,5962
SCH01,MP04,2019,5,5671
SCH01,MP05,2019,5,4705
SCH01,MP06,2019,5,4705
SCH01,MP07,2019,5,4491
SCH01,MP08,2019,5,6255
SCH01,MP09,2019,5,5676
SCH01,MP10,2019,5,5910
SCH01,MP11,2019,5,4409
SCH01,MP12,2019,5,6481
SCH01,MP13,2019,5,6181
SCH01,MP14,2019,5,4828
SCH01,MP15,2019,5,4761
SCH01,MP16,2019,5,4765
SCH01,MP17,2019,5,5028
SCH01,MP18,2019,5,5510
SCH01,MP19,2019,5,5307
SCH01,MP20,2019,5,5000
SCH01,MP21,2019,5,5700
SCH01,MP22,2019,5,4669
SCH01,MP23,2019,5,5002
SCH01,MP24,2019,5,5164
SCH01,MP25,2019,5,5360
SCH01,MP26,2019,5,6078
SCH01,MP27,2019,5,4800
SCH01,MP28,2019,5,5487
SCH01,MP29,2019,5,5657
SCH01,MP30,2019,5,4466
SCH01,MP31,2019,5,5690
SCH01,MP32,2019,5,4737
SCH01,MP33,2019,5,4506
SCH01,MP34,2019,5,6435
SCH01,MP35,2019,5,6472
SCH01,MP36,2019,5,6129
SCH01,MP37,2019,5,5029
SCH01,MP38,2019,5,4578
SCH01,MP39,2019,5,5858
SCH01,MP40,2019,5,5325
SCH01,MP41,2019,5,4631
SCH01,MP42,2019,5,5445
SCH01,MP43,2019,5,4439
SCH01,MP44,2019,5,6349
SCH01,MP45,2019,5,4929
SCH01,MP46,2019,5,5810
SCH01,MP47,2019,5,5045
SCH01,MP48,2019,5,5499
SCH01,MP49,2019,5,5558
SCH01,MP50,2019,5,4768
SCH01,MP51,2019,5,6480
SCH01,MP01,2019,6,5182
SCH01,MP02,2019,6,6439
SCH01,MP03,2019,6,5962
SCH01,MP04,2019,6,5671
SCH01,MP05,2019,6,4705
SCH01,MP06,2019,6,4705
SCH01,MP07,2019,6,4491
SCH01,MP08,2019,6,6255
SCH01,MP09,2019,6,5676
SCH01,MP10,2019,6,5910
SCH01,MP11,2019,6,4409
SCH01,MP12,2019,6,6481
SCH01,MP13,2019,6,6181
SCH01,MP14,2019,6,4828
SCH01,MP15,2019,6,4761
SCH01,MP16,2019,6,4765
SCH01,MP17,2019,6,5028
SCH01,MP18,2019,6,5510
SCH01,MP19,2019,6,5307
SCH01,MP20,2019,6,5000
SCH01,MP21,2019,6,5700
SCH01,MP22,2019,6,4669
SCH01,MP23,2019,6,5002
SCH01,MP24,2019,6,5164
SCH01,MP25,2019,6,5360
SCH01,MP26,2019,6,6078
SCH01,MP27,2019,6,4800
SCH01,MP28,2019,6,5487
SCH01,MP29,2019,6,5657
SCH01,MP30,2019,6,4466
SCH01,MP31,2019,6,5690
SCH01,MP32,2019,6,4737
SCH01,MP33,2019,6,4506
SCH01,MP34,2019,6,6435
SCH01,MP35,2019,6,6472
SCH01,MP36,2019,6,6129
SCH01,MP37,2019,6,5029
SCH01,MP38,2019,6,4578
SCH01,MP39,2019,6,5858
SCH01,MP40,2019,6,5325
SCH01,MP41,2019,6,4631
SCH01,MP42,2019,6,5445
SCH01,MP43,2019,6,4439
SCH01,MP44,2019,6,6349
SCH01,MP45,2019,6,4929
SCH01,MP46,2019,6,5810
SCH01,MP47,2019,6,5045
SCH01,MP48,2019,6,5499
SCH01,MP49,2019,6,5558
SCH01,MP50,2019,6,4768
SCH01,MP51,2019,6,6480
SCH01,MP01,2019,7,5129
SCH01,MP02,2019,7,6374
SCH01,MP03,2019,7,5901
SCH01,MP04,2019,7,5613
SCH01,MP05,2019,7,4657
SCH01,MP06,2019,7,4657
SCH01,MP07,2019,7,4446
SCH01,MP08,2019,7,6191
SCH01,MP09,2019,7,5619
SCH01,MP10,2019,7,5850
SCH01,MP11,2019,7,4365
SCH01,MP12,2019,7,6415
SCH01,MP13,2019,7,6118
SCH01,MP14,2019,7,4779
SCH01,MP15,2019,7,4713
SCH01,MP16,2019,7,4716
SCH01,MP17,2019,7,4977
SCH01,MP18,2019,7,5454
SCH01,MP19,2019,7,5253
SCH01,MP20,2019,7,4949
SCH01,MP21,2019,7,5642
SCH01,MP22,2019,7,4621
SCH01,MP23,2019,7,4951
SCH01,MP24,2019,7,5112
SCH01,MP25,2019,7,5305
SCH01,MP26,2019,7,6016
SCH01,MP27,2019,7,4751
SCH01,MP28,2019,7,5431
SCH01,MP29,2019,7,5600
SCH01,MP30,2019,7,4420
SCH01,MP31,2019,7,5633
SCH01,MP32,2019,7,4688
SCH01,MP33,2019,7,4461
SCH01,MP34,2019,7,6370
SCH01,MP35,2019,7,6406
SCH01,MP36,2019,7,6066
SCH01,MP37,2019,7,4978
SCH01,MP38,2019,7,4531
SCH01,MP39,2019,7,5798
SCH01,MP40,2019,7,5271
SCH01,MP41,2019,7,4584
SCH01,MP42,2019,7,5390
SCH01,MP43,2019,7,4394
SCH01,MP44,2019,7,6284
SCH01,MP45,2019,7,4879
SCH01,MP46,2019,7,5751
SCH01,MP47,2019,7,4993
SCH01,MP48,2019,7,5444
SCH01,MP49,2019,7,5501
SCH01,MP50,2019,7,4719
SCH01,MP51,2019,7,6415
SCH01,MP01,2019,8,5563
SCH01,MP02,2019,8,6913
SCH01,MP03,2019,8,6400
SCH01,MP04,2019,8,6088
SCH01,MP05,2019,8,5051
SCH01,MP06,2019,8,5051
SCH01,MP07,2019,8,4821
SCH01,MP08,2019,8,6715
SCH01,MP09,2019,8,6094
SCH01,MP10,2019,8,6344
SCH01,MP11,2019,8,4734
SCH01,MP12,2019,8,6958
SCH01,MP13,2019,8,6636
SCH01,MP14,2019,8,5183
SCH01,MP15,2019,8,5111
SCH01,MP16,2019,8,5115
SCH01,MP17,2019,8,5398
SCH01,MP18,2019,8,5915
SCH01,MP19,2019,8,5697
SCH01,MP20,2019,8,5368
SCH01,MP21,2019,8,6119
SCH01,MP22,2019,8,5012
SCH01,MP23,2019,8,5370
SCH01,MP24,2019,8,5544
SCH01,MP25,2019,8,5754
SCH01,MP26,2019,8,6525
SCH01,MP27,2019,8,5153
SCH01,MP28,2019,8,5890
SCH01,MP29,2019,8,6073
SCH01,MP30,2019,8,4794
SCH01,MP31,2019,8,6109
SCH01,MP32,2019,8,5085
SCH01,MP33,2019,8,4838
SCH01,MP34,2019,8,6909
SCH01,MP35,2019,8,6948
SCH01,MP36,2019,8,6579
SCH01,MP37,2019,8,5399
SCH01,MP38,2019,8,4914
SCH01,MP39,2019,8,6288
SCH01,MP40,2019,8,5717
SCH01,MP41,2019,8,4971
SCH01,MP42,2019,8,5846
SCH01,MP43,2019,8,4766
SCH01,MP44,2019,8,6816
SCH01,MP45,2019,8,5292
SCH01,MP46,2019,8,6238
SCH01,MP47,2019,8,5416
SCH01,MP48,2019,8,5904
SCH01,MP49,2019,8,5966
SCH01,MP50,2019,8,5118
SCH01,MP51,2019,8,6957
SCH01,MP01,2019,9,5421
SCH01,MP02,2019,9,6736
SCH01,MP03,2019,9,6237
SCH01,MP04,2019,9,5932
SCH01,MP05,2019,9,4922
SCH01,MP06,2019,9,4922
SCH01,MP07,2019,9,4698
SCH01,MP08,2019,9,6543
SCH01,MP09,2019,9,5938
SCH01,MP10,2019,9,6182
SCH01,MP11,2019,9,4613
SCH01,MP12,2019,9,6780
SCH01,MP13,2019,9,6466
SCH01,MP14,2019,9,5050
SCH01,MP15,2019,9,4981
SCH01,MP16,2019,9,4984
SCH01,MP17,2019,9,5260
SCH01,MP18,2019,9,5764
SCH01,MP19,2019,9,5552
SCH01,MP20,2019,9,5230
SCH01,MP21,2019,9,5962
SCH01,MP22,2019,9,4884
SCH01,MP23,2019,9,5233
SCH01,MP24,2019,9,5402
SCH01,MP25,2019,9,5607
SCH01,MP26,2019,9,6358
SCH01,MP27,2019,9,5021
SCH01,MP28,2019,9,5740
SCH01,MP29,2019,9,5918
SCH01,MP30,2019,9,4672
SCH01,MP31,2019,9,5953
SCH01,MP32,2019,9,4955
SCH01,MP33,2019,9,4714
SCH01,MP34,2019,9,6732
SCH01,MP35,2019,9,6770
SCH01,MP36,2019,9,6411
SCH01,MP37,2019,9,5261
SCH01,MP38,2019,9,4789
SCH01,MP39,2019,9,6128
SCH01,MP40,2019,9,5570
SCH01,MP41,2019,9,4844
SCH01,MP42,2019,9,5696
SCH01,MP43,2019,9,4644
SCH01,MP44,2019,9,6642
SCH01,MP45,2019,9,5156
SCH01,MP46,2019,9,6078
SCH01,MP47,2019,9,5277
SCH01,MP48,2019,9,5753
SCH01,MP49,2019,9,5814
SCH01,MP50,2019,9,4988
SCH01,MP51,2019,9,6779
SCH01,MP01,2019,10,5478
SCH01,MP02,2019,10,6807
SCH01,MP03,2019,10,6303
SCH01,MP04,2019,10,5995
SCH01,MP05,2019,10,4974
SCH01,MP06,2019,10,4974
SCH01,MP07,2019,10,4748
SCH01,MP08,2019,10,6612
SCH01,MP09,2019,10,6001
SCH01,MP10,2019,10,6248
SCH01,MP11,2019,10,4661
SCH01,MP12,2019,10,6852
SCH01,MP13,2019,10,6535
SCH01,MP14,2019,10,5104
SCH01,MP15,2019,10,5033
SCH01,MP16,2019,10,5037
SCH01,MP17,2019,10,5316
SCH01,MP18,2019,10,5825
SCH01,MP19,2019,10,5610
SCH01,MP20,2019,10,5286
SCH01,MP21,2019,10,6026
SCH01,MP22,2019,10,4936
SCH01,MP23,2019,10,5288
SCH01,MP24,2019,10,5459
SCH01,MP25,2019,10,5666
SCH01,MP26,2019,10,6425
SCH01,MP27,2019,10,5075
SCH01,MP28,2019,10,5800
SCH01,MP29,2019,10,5981
SCH01,MP30,2019,10,4721
SCH01,MP31,2019,10,6016
SCH01,MP32,2019,10,5007
SCH01,MP33,2019,10,4764
SCH01,MP34,2019,10,6803
SCH01,MP35,2019,10,6842
SCH01,MP36,2019,10,6479
SCH01,MP37,2019,10,5317
SCH01,MP38,2019,10,4839
SCH01,MP39,2019,10,6193
SCH01,MP40,2019,10,5629
SCH01,MP41,2019,10,4895
SCH01,MP42,2019,10,5756
SCH01,MP43,2019,10,4693
SCH01,MP44,2019,10,6712
SCH01,MP45,2019,10,5211
SCH01,MP46,2019,10,6142
SCH01,MP47,2019,10,5333
SCH01,MP48,2019,10,5814
SCH01,MP49,2019,10,5875
SCH01,MP50,2019,10,5040
SCH01,MP51,2019,10,6851
SCH01,MP01,2019,11,5109
SCH01,MP02,2019,11,6349
SCH01,MP03,2019,11,5878
SCH01,MP04,2019,11,5591
SCH01,MP05,2019,11,4639
SCH01,MP06,2019,11,4639
SCH01,MP07,2019,11,4428
SCH01,MP08,2019,11,6167
SCH01,MP09,2019,11,5597
SCH01,MP10,2019,11,5827
SCH01,MP11,2019,11,4347
SCH01,MP12,2019,11,6390
SCH01,MP13,2019,11,6094
SCH01,MP14,2019,11,4760
SCH01,MP15,2019,11,4694
SCH01,MP16,2019,11,4698
SCH01,MP17,2019,11,4958
SCH01,MP18,2019,11,5432
SCH01,MP19,2019,11,5233
SCH01,MP20,2019,11,4930
SCH01,MP21,2019,11,5620
SCH01,MP22,2019,11,4603
SCH01,MP23,2019,11,4932
SCH01,MP24,2019,11,5091
SCH01,MP25,2019,11,5285
SCH01,MP26,2019,11,5993
SCH01,MP27,2019,11,4733
SCH01,MP28,2019,11,5410
SCH01,MP29,2019,11,5578
SCH01,MP30,2019,11,4403
SCH01,MP31,2019,11,5610
SCH01,MP32,2019,11,4670
SCH01,MP33,2019,11,4443
SCH01,MP34,2019,11,6345
SCH01,MP35,2019,11,6381
SCH01,MP36,2019,11,6043
SCH01,MP37,2019,11,4959
SCH01,MP38,2019,11,4513
SCH01,MP39,2019,11,5775
SCH01,MP40,2019,11,5250
SCH01,MP41,2019,11,4566
SCH01,MP42,2019,11,5369
SCH01,MP43,2019,11,4377
SCH01,MP44,2019,11,6260
SCH01,MP45,2019,11,4860
SCH01,MP46,2019,11,5729
SCH01,MP47,2019,11,4974
SCH01,MP48,2019,11,5422
SCH01,MP49,2019,11,5480
SCH01,MP50,2019,11,4701
SCH01,MP51,2019,11,6390
SCH01,MP01,2019,12,5619
SCH01,MP02,2019,12,6982
SCH01,MP03,2019,12,6464
SCH01,MP04,2019,12,6149
SCH01,MP05,2019,12,5101
SCH01,MP06,2019,12,5101
SCH01,MP07,2019,12,4870
SCH01,MP08,2019,12,6782
SCH01,MP09,2019,12,6155
SCH01,MP10,2019,12,6408
SCH01,MP11,2019,12,4781
SCH01,MP12,2019,12,7027
SCH01,MP13,2019,12,6702
SCH01,MP14,2019,12,5235
SCH01,MP15,2019,12,5163
SCH01,MP16,2019,12,5166
SCH01,MP17,2019,12,5452
SCH01,MP18,2019,12,5974
SCH01,MP19,2019,12,5754
SCH01,MP20,2019,12,5421
SCH01,MP21,2019,12,6180
SCH01,MP22,2019,12,5062
SCH01,MP23,2019,12,5424
SCH01,MP24,2019,12,5599
SCH01,MP25,2019,12,5811
SCH01,MP26,2019,12,6590
SCH01,MP27,2019,12,5205
SCH01,MP28,2019,12,5949
SCH01,MP29,2019,12,6134
SCH01,MP30,2019,12,4842
SCH01,MP31,2019,12,6170
SCH01,MP32,2019,12,5136
SCH01,MP33,2019,12,4886
SCH01,MP34,2019,12,6978
SCH01,MP35,2019,12,7017
SCH01,MP36,2019,12,6645
SCH01,MP37,2019,12,5453
SCH01,MP38,2019,12,4963
SCH01,MP39,2019,12,6351
SCH01,MP40,2019,12,5774
SCH01,MP41,2019,12,5021
SCH01,MP42,2019,12,5904
SCH01,MP43,2019,12,4814
SCH01,MP44,2019,12,6884
SCH01,MP45,2019,12,5345
SCH01,MP46,2019,12,6300
SCH01,MP47,2019,12,5470
SCH01,MP48,2019,12,5963
SCH01,MP49,2019,12,6026
SCH01,MP50,2019,12,5170
SCH01,MP51,2019,12,7027
SCH01,MP01,2020,1,4713
SCH01,MP02,2020,1,5857
SCH01,MP03,2020,1,5423
SCH01,MP04,2020,1,5158
SCH01,MP05,2020,1,4279
SCH01,MP06,2020,1,4279
SCH01,MP07,2020,1,4085
SCH01,MP08,2020,1,5689
SCH01,MP09,2020,1,5163
SCH01,MP10,2020,1,5375
SCH01,MP11,2020,1,4010
SCH01,MP12,2020,1,5895
SCH01,MP13,2020,1,5622
SCH01,MP14,2020,1,4391
SCH01,MP15,2020,1,4330
SCH01,MP16,2020,1,4334
SCH01,MP17,2020,1,4573
SCH01,MP18,2020,1,5011
SCH01,MP19,2020,1,4827
SCH01,MP20,2020,1,4548
SCH01,MP21,2020,1,5184
SCH01,MP22,2020,1,4246
SCH01,MP23,2020,1,4549
SCH01,MP24,2020,1,4697
SCH01,MP25,2020,1,4875
SCH01,MP26,2020,1,5528
SCH01,MP27,2020,1,4366
SCH01,MP28,2020,1,4990
SCH01,MP29,2020,1,5145
SCH01,MP30,2020,1,4062
SCH01,MP31,2020,1,5176
SCH01,MP32,2020,1,4308
SCH01,MP33,2020,1,4099
SCH01,MP34,2020,1,5853
SCH01,MP35,2020,1,5886
SCH01,MP36,2020,1,5574
SCH01,MP37,2020,1,4574
SCH01,MP38,2020,1,4163
SCH01,MP39,2020,1,5328
SCH01,MP40,2020,1,4843
SCH01,MP41,2020,1,4212
SCH01,MP42,2020,1,4952
SCH01,MP43,2020,1,4038
SCH01,MP44,2020,1,5775
SCH01,MP45,2020,1,4483
SCH01,MP46,2020,1,5285
SCH01,MP47,2020,1,4588
SCH01,MP48,2020,1,5002
SCH01,MP49,2020,1,5055
SCH01,MP50,2020,1,4336
SCH01,MP51,2020,1,5894
SCH01,MP01,2020,2,4430
SCH01,MP02,2020,2,5505
SCH01,MP03,2020,2,5097
SCH01,MP04,2020,2,4848
SCH01,MP05,2020,2,4022
SCH01,MP06,2020,2,4022
SCH01,MP07,2020,2,3840
SCH01,MP08,2020,2,5347
SCH01,MP09,2020,2,4853
SCH01,MP10,2020,2,5052
SCH01,MP11,2020,2,3770
SCH01,MP12,2020,2,5541
SCH01,MP13,2020,2,5285
SCH01,MP14,2020,2,4127
SCH01,MP15,2020,2,4071
SCH01,MP16,2020,2,4073
SCH01,MP17,2020,2,4299
SCH01,MP18,2020,2,4710
SCH01,MP19,2020,2,4537
SCH01,MP20,2020,2,4275
SCH01,MP21,2020,2,4873
SCH01,MP22,2020,2,3992
SCH01,MP23,2020,2,4276
SCH01,MP24,2020,2,4415
SCH01,MP25,2020,2,4582
SCH01,MP26,2020,2,5196
SCH01,MP27,2020,2,4104
SCH01,MP28,2020,2,4691
SCH01,MP29,2020,2,4837
SCH01,MP30,2020,2,3818
SCH01,MP31,2020,2,4865
SCH01,MP32,2020,2,4049
SCH01,MP33,2020,2,3853
SCH01,MP34,2020,2,5502
SCH01,MP35,2020,2,5533
SCH01,MP36,2020,2,5240
SCH01,MP37,2020,2,4300
SCH01,MP38,2020,2,3914
SCH01,MP39,2020,2,5008
SCH01,MP40,2020,2,4553
SCH01,MP41,2020,2,3959
SCH01,MP42,2020,2,4655
SCH01,MP43,2020,2,3795
SCH01,MP44,2020,2,5428
SCH01,MP45,2020,2,4214
SCH01,MP46,2020,2,4967
SCH01,MP47,2020,2,4313
SCH01,MP48,2020,2,4702
SCH01,MP49,2020,2,4751
SCH01,MP50,2020,2,4076
SCH01,MP51,2020,2,5540
SCH01,MP01,2020,3,4416
SCH01,MP02,2020,3,5488
SCH01,MP03,2020,3,5081
SCH01,MP04,2020,3,4833
SCH01,MP05,2020,3,4010
SCH01,MP06,2020,3,4010
SCH01,MP07,2020,3,3828
SCH01,MP08,2020,3,5331
SCH01,MP09,2020,3,4838
SCH01,MP10,2020,3,5037
SCH01,MP11,2020,3,3758
SCH01,MP12,2020,3,5524
SCH01,MP13,2020,3,5268
SCH01,MP14,2020,3,4114
SCH01,MP15,2020,3,4058
SCH01,MP16,2020,3,4061
SCH01,MP17,2020,3,4285
SCH01,MP18,2020,3,4696
SCH01,MP19,2020,3,4523
SCH01,MP20,2020,3,4261
SCH01,MP21,2020,3,4858
SCH01,MP22,2020,3,3979
SCH01,MP23,2020,3,4263
SCH01,MP24,2020,3,4401
SCH01,MP25,2020,3,4568
SCH01,MP26,2020,3,5180
SCH01,MP27,2020,3,4091
SCH01,MP28,2020,3,4676
SCH01,MP29,2020,3,4821
SCH01,MP30,2020,3,3806
SCH01,MP31,2020,3,4850
SCH01,MP32,2020,3,4037
SCH01,MP33,2020,3,3841
SCH01,MP34,2020,3,5484
SCH01,MP35,2020,3,5516
SCH01,MP36,2020,3,5223
SCH01,MP37,2020,3,4286
SCH01,MP38,2020,3,3901
SCH01,MP39,2020,3,4992
SCH01,MP40,2020,3,4538
SCH01,MP41,2020,3,3947
SCH01,MP42,2020,3,4641
SCH01,MP43,2020,3,3784
SCH01,MP44,2020,3,5411
SCH01,MP45,2020,3,4201
SCH01,MP46,2020,3,4952
SCH01,MP47,2020,3,4299
SCH01,MP48,2020,3,4687
SCH01,MP49,2020,3,4736
SCH01,MP50,2020,3,4063
SCH01,MP51,2020,3,5523
SCH01,MP01,2020,4,4417
SCH01,MP02,2020,4,5489
SCH01,MP03,2020,4,5082
SCH01,MP04,2020,4,4834
SCH01,MP05,2020,4,4010
SCH01,MP06,2020,4,4010
SCH01,MP07,2020,4,3828
SCH01,MP08,2020,4,5332
SCH01,MP09,2020,4,4838
SCH01,MP10,2020,4,5037
SCH01,MP11,2020,4,3758
SCH01,MP12,2020,4,5524
SCH01,MP13,2020,4,5269
SCH01,MP14,2020,4,4115
SCH01,MP15,2020,4,4058
SCH01,MP16,2020,4,4061
SCH01,MP17,2020,4,4286
SCH01,MP18,2020,4,4696
SCH01,MP19,2020,4,4524
SCH01,MP20,2020,4,4262
SCH01,MP21,2020,4,4858
SCH01,MP22,2020,4,3980
SCH01,MP23,2020,4,4264
SCH01,MP24,2020,4,4402
SCH01,MP25,2020,4,4569
SCH01,MP26,2020,4,5181
SCH01,MP27,2020,4,4092
SCH01,MP28,2020,4,4677
SCH01,MP29,2020,4,4822
SCH01,MP30,2020,4,3807
SCH01,MP31,2020,4,4850
SCH01,MP32,2020,4,4037
SCH01,MP33,2020,4,3841
SCH01,MP34,2020,4,5485
SCH01,MP35,2020,4,5517
SCH01,MP36,2020,4,5224
SCH01,MP37,2020,4,4287
SCH01,MP38,2020,4,3902
SCH01,MP39,2020,4,4993
SCH01,MP40,2020,4,4539
SCH01,MP41,2020,4,3947
SCH01,MP42,2020,4,4641
SCH01,MP43,2020,4,3784
SCH01,MP44,2020,4,5412
SCH01,MP45,2020,4,4202
SCH01,MP46,2020,4,4953
SCH01,MP47,2020,4,4300
SCH01,MP48,2020,4,4688
SCH01,MP49,2020,4,4737
SCH01,MP50,2020,4,4064
SCH01,MP51,2020,4,5524
SCH01,MP01,2020,5,4472
SCH01,MP02,2020,5,5557
SCH01,MP03,2020,5,5145
SCH01,MP04,2020,5,4894
SCH01,MP05,2020,5,4060
SCH01,MP06,2020,5,4060
SCH01,MP07,2020,5,3876
SCH01,MP08,2020,5,5398
SCH01,MP09,2020,5,4899
SCH01,MP10,2020,5,5100
SCH01,MP11,2020,5,3805
SCH01,MP12,2020,5,5593
SCH01,MP13,2020,5,5335
SCH01,MP14,2020,5,4167
SCH01,MP15,2020,5,4109
SCH01,MP16,2020,5,4112
SCH01,MP17,2020,5,4340
SCH01,MP18,2020,5,4755
SCH01,MP19,2020,5,4580
SCH01,MP20,2020,5,4315
SCH01,MP21,2020,5,4919
SCH01,MP22,2020,5,4029
SCH01,MP23,2020,5,4317
SCH01,MP24,2020,5,4457
SCH01,MP25,2020,5,4626
SCH01,MP26,2020,5,5245
SCH01,MP27,2020,5,4143
SCH01,MP28,2020,5,4735
SCH01,MP29,2020,5,4882
SCH01,MP30,2020,5,3854
SCH01,MP31,2020,5,4911
SCH01,MP32,2020,5,4088
SCH01,MP33,2020,5,3889
SCH01,MP34,2020,5,5554
SCH01,MP35,2020,5,5585
SCH01,MP36,2020,5,5289
SCH01,MP37,2020,5,4340
SCH01,MP38,2020,5,3951
SCH01,MP39,2020,5,5055
SCH01,MP40,2020,5,4596
SCH01,MP41,2020,5,3996
SCH01,MP42,2020,5,4699
SCH01,MP43,2020,5,3831
SCH01,MP44,2020,5,5479
SCH01,MP45,2020,5,4254
SCH01,MP46,2020,5,5014
SCH01,MP47,2020,5,4354
SCH01,MP48,2020,5,4746
SCH01,MP49,2020,5,4796
SCH01,MP50,2020,5,4115
SCH01,MP51,2020,5,5593
SCH01,MP01,2020,6,4573
SCH01,MP02,2020,6,5682
SCH01,MP03,2020,6,5261
SCH01,MP04,2020,6,5004
SCH01,MP05,2020,6,4152
SCH01,MP06,2020,6,4152
SCH01,MP07,2020,6,3963
SCH01,MP08,2020,6,5519
SCH01,MP09,2020,6,5009
SCH01,MP10,2020,6,5215
SCH01,MP11,2020,6,3891
SCH01,MP12,2020,6,5719
SCH01,MP13,2020,6,5455
SCH01,MP14,2020,6,4260
SCH01,MP15,2020,6,4201
SCH01,MP16,2020,6,4205
SCH01,MP17,2020,6,4437
SCH01,MP18,2020,6,4862
SCH01,MP19,2020,6,4683
SCH01,MP20,2020,6,4412
SCH01,MP21,2020,6,5030
SCH01,MP22,2020,6,4120
SCH01,MP23,2020,6,4414
SCH01,MP24,2020,6,4557
SCH01,MP25,2020,6,4730
SCH01,MP26,2020,6,5363
SCH01,MP27,2020,6,4236
SCH01,MP28,2020,6,4842
SCH01,MP29,2020,6,4992
SCH01,MP30,2020,6,3941
SCH01,MP31,2020,6,5021
SCH01,MP32,2020,6,4180
SCH01,MP33,2020,6,3977
SCH01,MP34,2020,6,5679
SCH01,MP35,2020,6,5711
SCH01,MP36,2020,6,5408
SCH01,MP37,2020,6,4438
SCH01,MP38,2020,6,4039
SCH01,MP39,2020,6,5169
SCH01,MP40,2020,6,4699
SCH01,MP41,2020,6,4086
SCH01,MP42,2020,6,4805
SCH01,MP43,2020,6,3918
SCH01,MP44,2020,6,5603
SCH01,MP45,2020,6,4350
SCH01,MP46,2020,6,5127
SCH01,MP47,2020,6,4452
SCH01,MP48,2020,6,4853
SCH01,MP49,2020,6,4904
SCH01,MP50,2020,6,4207
SCH01,MP51,2020,6,5719
SCH01,MP01,2020,7,4530
SCH01,MP02,2020,7,5630
SCH01,MP03,2020,7,5212
SCH01,MP04,2020,7,4958
SCH01,MP05,2020,7,4113
SCH01,MP06,2020,7,4113
SCH01,MP07,2020,7,3926
SCH01,MP08,2020,7,5468
SCH01,MP09,2020,7,4963
SCH01,MP10,2020,7,5167
SCH01,MP11,2020,7,3855
SCH01,MP12,2020,7,5666
SCH01,MP13,2020,7,5404
SCH01,MP14,2020,7,4221
SCH01,MP15,2020,7,4163
SCH01,MP16,2020,7,4166
SCH01,MP17,2020,7,4396
SCH01,MP18,2020,7,4817
SCH01,MP19,2020,7,4640
SCH01,MP20,2020,7,4371
SCH01,MP21,2020,7,4983
SCH01,MP22,2020,7,4082
SCH01,MP23,2020,7,4373
SCH01,MP24,2020,7,4515
SCH01,MP25,2020,7,4686
SCH01,MP26,2020,7,5314
SCH01,MP27,2020,7,4197
SCH01,MP28,2020,7,4797
SCH01,MP29,2020,7,4946
SCH01,MP30,2020,7,3904
SCH01,MP31,2020,7,4975
SCH01,MP32,2020,7,4141
SCH01,MP33,2020,7,3940
SCH01,MP34,2020,7,5626
SCH01,MP35,2020,7,5658
SCH01,MP36,2020,7,5358
SCH01,MP37,2020,7,4397
SCH01,MP38,2020,7,4002
SCH01,MP39,2020,7,5121
SCH01,MP40,2020,7,4655
SCH01,MP41,2020,7,4048
SCH01,MP42,2020,7,4760
SCH01,MP43,2020,7,3881
SCH01,MP44,2020,7,5551
SCH01,MP45,2020,7,4309
SCH01,MP46,2020,7,5080
SCH01,MP47,2020,7,4410
SCH01,MP48,2020,7,4808
SCH01,MP49,2020,7,4859
SCH01,MP50,2020,7,4168
SCH01,MP51,2020,7,5666
SCH01,MP01,2020,8,4466
SCH01,MP02,2020,8,5550
SCH01,MP03,2020,8,5138
SCH01,MP04,2020,8,4888
SCH01,MP05,2020,8,4055
SCH01,MP06,2020,8,4055
SCH01,MP07,2020,8,3871
SCH01,MP08,2020,8,5391
SCH01,MP09,2020,8,4892
SCH01,MP10,2020,8,5093
SCH01,MP11,2020,8,3800
SCH01,MP12,2020,8,5586
SCH01,MP13,2020,8,5327
SCH01,MP14,2020,8,4161
SCH01,MP15,2020,8,4104
SCH01,MP16,2020,8,4107
SCH01,MP17,2020,8,4334
SCH01,MP18,2020,8,4749
SCH01,MP19,2020,8,4574
SCH01,MP20,2020,8,4309
SCH01,MP21,2020,8,4913
SCH01,MP22,2020,8,4024
SCH01,MP23,2020,8,4311
SCH01,MP24,2020,8,4451
SCH01,MP25,2020,8,4619
SCH01,MP26,2020,8,5239
SCH01,MP27,2020,8,4137
SCH01,MP28,2020,8,4729
SCH01,MP29,2020,8,4876
SCH01,MP30,2020,8,3849
SCH01,MP31,2020,8,4904
SCH01,MP32,2020,8,4082
SCH01,MP33,2020,8,3884
SCH01,MP34,2020,8,5546
SCH01,MP35,2020,8,5578
SCH01,MP36,2020,8,5282
SCH01,MP37,2020,8,4335
SCH01,MP38,2020,8,3945
SCH01,MP39,2020,8,5049
SCH01,MP40,2020,8,4590
SCH01,MP41,2020,8,3991
SCH01,MP42,2020,8,4693
SCH01,MP43,2020,8,3826
SCH01,MP44,2020,8,5472
SCH01,MP45,2020,8,4248
SCH01,MP46,2020,8,5008
SCH01,MP47,2020,8,4348
SCH01,MP48,2020,8,4740
SCH01,MP49,2020,8,4790
SCH01,MP50,2020,8,4109
SCH01,MP51,2020,8,5585
SCH01,MP01,2020,9,4612
SCH01,MP02,2020,9,5732
SCH01,MP03,2020,9,5307
SCH01,MP04,2020,9,5048
SCH01,MP05,2020,9,4188
SCH01,MP06,2020,9,4188
SCH01,MP07,2020,9,3998
SCH01,MP08,2020,9,5567
SCH01,MP09,2020,9,5053
SCH01,MP10,2020,9,5260
SCH01,MP11,2020,9,3925
SCH01,MP12,2020,9,5769
SCH01,MP13,2020,9,5502
SCH01,MP14,2020,9,4297
SCH01,MP15,2020,9,4238
SCH01,MP16,2020,9,4241
SCH01,MP17,2020,9,4476
SCH01,MP18,2020,9,4904
SCH01,MP19,2020,9,4724
SCH01,MP20,2020,9,4451
SCH01,MP21,2020,9,5073
SCH01,MP22,2020,9,4156
SCH01,MP23,2020,9,4452
SCH01,MP24,2020,9,4596
SCH01,MP25,2020,9,4771
SCH01,MP26,2020,9,5410
SCH01,MP27,2020,9,4273
SCH01,MP28,2020,9,4884
SCH01,MP29,2020,9,5036
SCH01,MP30,2020,9,3975
SCH01,MP31,2020,9,5065
SCH01,MP32,2020,9,4216
SCH01,MP33,2020,9,4011
SCH01,MP34,2020,9,5728
SCH01,MP35,2020,9,5761
SCH01,MP36,2020,9,5455
SCH01,MP37,2020,9,4477
SCH01,MP38,2020,9,4075
SCH01,MP39,2020,9,5214
SCH01,MP40,2020,9,4740
SCH01,MP41,2020,9,4122
SCH01,MP42,2020,9,4847
SCH01,MP43,2020,9,3952
SCH01,MP44,2020,9,5651
SCH01,MP45,2020,9,4387
SCH01,MP46,2020,9,5172
SCH01,MP47,2020,9,4490
SCH01,MP48,2020,9,4895
SCH01,MP49,2020,9,4947
SCH01,MP50,2020,9,4244
SCH01,MP51,2020,9,5768
SCH01,MP01,2020,10,4397
SCH01,MP02,2020,10,5464
SCH01,MP03,2020,10,5059
SCH01,MP04,2020,10,4812
SCH01,MP05,2020,10,3992
SCH01,MP06,2020,10,3992
SCH01,MP07,2020,10,3811
SCH01,MP08,2020,10,5307
SCH01,MP09,2020,10,4816
SCH01,MP10,2020,10,5015
SCH01,MP11,2020,10,3741
SCH01,MP12,2020,10,5499
SCH01,MP13,2020,10,5245
SCH01,MP14,2020,10,4097
SCH01,MP15,2020,10,4040
SCH01,MP16,2020,10,4043
SCH01,MP17,2020,10,4267
SCH01,MP18,2020,10,4675
SCH01,MP19,2020,10,4503
SCH01,MP20,2020,10,4243
SCH01,MP21,2020,10,4836
SCH01,MP22,2020,10,3962
SCH01,MP23,2020,10,4244
SCH01,MP24,2020,10,4382
SCH01,MP25,2020,10,4548
SCH01,MP26,2020,10,5157
SCH01,MP27,2020,10,4073
SCH01,MP28,2020,10,4656
SCH01,MP29,2020,10,4800
SCH01,MP30,2020,10,3789
SCH01,MP31,2020,10,4828
SCH01,MP32,2020,10,4019
SCH01,MP33,2020,10,3824
SCH01,MP34,2020,10,5461
SCH01,MP35,2020,10,5492
SCH01,MP36,2020,10,5200
SCH01,MP37,2020,10,4267
SCH01,MP38,2020,10,3884
SCH01,MP39,2020,10,4970
SCH01,MP40,2020,10,4518
SCH01,MP41,2020,10,3929
SCH01,MP42,2020,10,4620
SCH01,MP43,2020,10,3767
SCH01,MP44,2020,10,5387
SCH01,MP45,2020,10,4183
SCH01,MP46,2020,10,4930
SCH01,MP47,2020,10,4281
SCH01,MP48,2020,10,4666
SCH01,MP49,2020,10,4716
SCH01,MP50,2020,10,4046
SCH01,MP51,2020,10,5499
SCH01,MP01,2020,11,4467
SCH01,MP02,2020,11,5550
SCH01,MP03,2020,11,5139
SCH01,MP04,2020,11,4888
SCH01,MP05,2020,11,4055
SCH01,MP06,2020,11,4055
SCH01,MP07,2020,11,3871
SCH01,MP08,2020,11,5391
SCH01,MP09,2020,11,4893
SCH01,MP10,2020,11,5094
SCH01,MP11,2020,11,3801
SCH01,MP12,2020,11,5587
SCH01,MP13,2020,11,5328
SCH01,MP14,2020,11,4161
SCH01,MP15,2020,11,4104
SCH01,MP16,2020,11,4107
SCH01,MP17,2020,11,4334
SCH01,MP18,2020,11,4749
SCH01,MP19,2020,11,4575
SCH01,MP20,2020,11,4310
SCH01,MP21,2020,11,4913
SCH01,MP22,2020,11,4024
SCH01,MP23,2020,11,4312
SCH01,MP24,2020,11,4451
SCH01,MP25,2020,11,4620
SCH01,MP26,2020,11,5239
SCH01,MP27,2020,11,4138
SCH01,MP28,2020,11,4729
SCH01,MP29,2020,11,4876
SCH01,MP30,2020,11,3849
SCH01,MP31,2020,11,4905
SCH01,MP32,2020,11,4083
SCH01,MP33,2020,11,3884
SCH01,MP34,2020,11,5547
SCH01,MP35,2020,11,5578
SCH01,MP36,2020,11,5283
SCH01,MP37,2020,11,4335
SCH01,MP38,2020,11,3946
SCH01,MP39,2020,11,5049
SCH01,MP40,2020,11,4590
SCH01,MP41,2020,11,3992
SCH01,MP42,2020,11,4693
SCH01,MP43,2020,11,3827
SCH01,MP44,2020,11,5473
SCH01,MP45,2020,11,4249
SCH01,MP46,2020,11,5008
SCH01,MP47,2020,11,4348
SCH01,MP48,2020,11,4740
SCH01,MP49,2020,11,4790
SCH01,MP50,2020,11,4110
SCH01,MP51,2020,11,5586
SCH01,MP01,2020,12,4500
SCH01,MP02,2020,12,5593
SCH01,MP03,2020,12,5178
SCH01,MP04,2020,12,4925
SCH01,MP05,2020,12,4086
SCH01,MP06,2020,12,4086
SCH01,MP07,2020,12,3901
SCH01,MP08,2020,12,5432
SCH01,MP09,2020,12,4930
SCH01,MP10,2020,12,5133
SCH01,MP11,2020,12,3829
SCH01,MP12,2020,12,5629
SCH01,MP13,2020,12,5368
SCH01,MP14,2020,12,4193
SCH01,MP15,2020,12,4135
SCH01,MP16,2020,12,4138
SCH01,MP17,2020,12,4367
SCH01,MP18,2020,12,4785
SCH01,MP19,2020,12,4609
SCH01,MP20,2020,12,4342
SCH01,MP21,2020,12,4950
SCH01,MP22,2020,12,4055
SCH01,MP23,2020,12,4344
SCH01,MP24,2020,12,4485
SCH01,MP25,2020,12,4655
SCH01,MP26,2020,12,5279
SCH01,MP27,2020,12,4169
SCH01,MP28,2020,12,4765
SCH01,MP29,2020,12,4913
SCH01,MP30,2020,12,3878
SCH01,MP31,2020,12,4942
SCH01,MP32,2020,12,4114
SCH01,MP33,2020,12,3914
SCH01,MP34,2020,12,5589
SCH01,MP35,2020,12,5621
SCH01,MP36,2020,12,5323
SCH01,MP37,2020,12,4368
SCH01,MP38,2020,12,3976
SCH01,MP39,2020,12,5087
SCH01,MP40,2020,12,4625
SCH01,MP41,2020,12,4022
SCH01,MP42,2020,12,4729
SCH01,MP43,2020,12,3856
SCH01,MP44,2020,12,5514
SCH01,MP45,2020,12,4281
SCH01,MP46,2020,12,5046
SCH01,MP47,2020,12,4381
SCH01,MP48,2020,12,4776
SCH01,MP49,2020,12,4827
SCH01,MP50,2020,12,4141
SCH01,MP51,2020,12,5628
SCH01,MP01,2021,1,5610
SCH01,MP02,2021,1,6971
SCH01,MP03,2021,1,6455
SCH01,MP04,2021,1,6139
SCH01,MP05,2021,1,5094
SCH01,MP06,2021,1,5094
SCH01,MP07,2021,1,4862
SCH01,MP08,2021,1,6772
SCH01,MP09,2021,1,6145
SCH01,MP10,2021,1,6398
SCH01,MP11,2021,1,4774
SCH01,MP12,2021,1,7017
SCH01,MP13,2021,1,6692
SCH01,MP14,2021,1,5227
SCH01,MP15,2021,1,5155
SCH01,MP16,2021,1,5158
SCH01,MP17,2021,1,5444
SCH01,MP18,2021,1,5965
SCH01,MP19,2021,1,5746
SCH01,MP20,2021,1,5413
SCH01,MP21,2021,1,6171
SCH01,MP22,2021,1,5055
SCH01,MP23,2021,1,5415
SCH01,MP24,2021,1,5591
SCH01,MP25,2021,1,5803
SCH01,MP26,2021,1,6580
SCH01,MP27,2021,1,5197
SCH01,MP28,2021,1,5940
SCH01,MP29,2021,1,6125
SCH01,MP30,2021,1,4835
SCH01,MP31,2021,1,6160
SCH01,MP32,2021,1,5128
SCH01,MP33,2021,1,4879
SCH01,MP34,2021,1,6967
SCH01,MP35,2021,1,7007
SCH01,MP36,2021,1,6635
SCH01,MP37,2021,1,5445
SCH01,MP38,2021,1,4956
SCH01,MP39,2021,1,6342
SCH01,MP40,2021,1,5765
SCH01,MP41,2021,1,5013
SCH01,MP42,2021,1,5895
SCH01,MP43,2021,1,4806
SCH01,MP44,2021,1,6874
SCH01,MP45,2021,1,5336
SCH01,MP46,2021,1,6290
SCH01,MP47,2021,1,5462
SCH01,MP48,2021,1,5954
SCH01,MP49,2021,1,6017
SCH01,MP50,2021,1,5162
SCH01,MP51,2021,1,7016
SCH01,MP01,2021,2,5795
SCH01,MP02,2021,2,7202
SCH01,MP03,2021,2,6668
SCH01,MP04,2021,2,6342
SCH01,MP05,2021,2,5262
SCH01,MP06,2021,2,5262
SCH01,MP07,2021,2,5023
SCH01,MP08,2021,2,6995
SCH01,MP09,2021,2,6348
SCH01,MP10,2021,2,6610
SCH01,MP11,2021,2,4931
SCH01,MP12,2021,2,7249
SCH01,MP13,2021,2,6913
SCH01,MP14,2021,2,5400
SCH01,MP15,2021,2,5325
SCH01,MP16,2021,2,5329
SCH01,MP17,2021,2,5624
SCH01,MP18,2021,2,6162
SCH01,MP19,2021,2,5936
SCH01,MP20,2021,2,5592
SCH01,MP21,2021,2,6375
SCH01,MP22,2021,2,5222
SCH01,MP23,2021,2,5594
SCH01,MP24,2021,2,5775
SCH01,MP25,2021,2,5994
SCH01,MP26,2021,2,6798
SCH01,MP27,2021,2,5369
SCH01,MP28,2021,2,6136
SCH01,MP29,2021,2,6327
SCH01,MP30,2021,2,4995
SCH01,MP31,2021,2,6364
SCH01,MP32,2021,2,5297
SCH01,MP33,2021,2,5040
SCH01,MP34,2021,2,7197
SCH01,MP35,2021,2,7238
SCH01,MP36,2021,2,6854
SCH01,MP37,2021,2,5625
SCH01,MP38,2021,2,5120
SCH01,MP39,2021,2,6551
SCH01,MP40,2021,2,5956
SCH01,MP41,2021,2,5179
SCH01,MP42,2021,2,6090
SCH01,MP43,2021,2,4965
SCH01,MP44,2021,2,7101
SCH01,MP45,2021,2,5513
SCH01,MP46,2021,2,6498
SCH01,MP47,2021,2,5642
SCH01,MP48,2021,2,6151
SCH01,MP49,2021,2,6216
SCH01,MP50,2021,2,5332
SCH01,MP51,2021,2,7248
SCH01,MP01,2021,3,5465
SCH01,MP02,2021,3,6792
SCH01,MP03,2021,3,6288
SCH01,MP04,2021,3,5981
SCH01,MP05,2021,3,4962
SCH01,MP06,2021,3,4962
SCH01,MP07,2021,3,4737
SCH01,MP08,2021,3,6597
SCH01,MP09,2021,3,5987
SCH01,MP10,2021,3,6233
SCH01,MP11,2021,3,4651
SCH01,MP12,2021,3,6836
SCH01,MP13,2021,3,6520
SCH01,MP14,2021,3,5092
SCH01,MP15,2021,3,5022
SCH01,MP16,2021,3,5025
SCH01,MP17,2021,3,5304
SCH01,MP18,2021,3,5811
SCH01,MP19,2021,3,5598
SCH01,MP20,2021,3,5274
SCH01,MP21,2021,3,6012
SCH01,MP22,2021,3,4924
SCH01,MP23,2021,3,5276
SCH01,MP24,2021,3,5447
SCH01,MP25,2021,3,5653
SCH01,MP26,2021,3,6411
SCH01,MP27,2021,3,5063
SCH01,MP28,2021,3,5787
SCH01,MP29,2021,3,5967
SCH01,MP30,2021,3,4710
SCH01,MP31,2021,3,6002
SCH01,MP32,2021,3,4996
SCH01,MP33,2021,3,4753
SCH01,MP34,2021,3,6788
SCH01,MP35,2021,3,6826
SCH01,MP36,2021,3,6464
SCH01,MP37,2021,3,5305
SCH01,MP38,2021,3,4828
SCH01,MP39,2021,3,6178
SCH01,MP40,2021,3,5617
SCH01,MP41,2021,3,4884
SCH01,MP42,2021,3,5743
SCH01,MP43,2021,3,4682
SCH01,MP44,2021,3,6696
SCH01,MP45,2021,3,5199
SCH01,MP46,2021,3,6128
SCH01,MP47,2021,3,5321
SCH01,MP48,2021,3,5800
SCH01,MP49,2021,3,5862
SCH01,MP50,2021,3,5029
SCH01,MP51,2021,3,6835
SCH01,MP01,2021,4,5643
SCH01,MP02,2021,4,7012
SCH01,MP03,2021,4,6492
SCH01,MP04,2021,4,6175
SCH01,MP05,2021,4,5123
SCH01,MP06,2021,4,5123
SCH01,MP07,2021,4,4891
SCH01,MP08,2021,4,6811
SCH01,MP09,2021,4,6181
SCH01,MP10,2021,4,6435
SCH01,MP11,2021,4,4802
SCH01,MP12,2021,4,7058
SCH01,MP13,2021,4,6731
SCH01,MP14,2021,4,5257
SCH01,MP15,2021,4,5185
SCH01,MP16,2021,4,5188
SCH01,MP17,2021,4,5476
SCH01,MP18,2021,4,6000
SCH01,MP19,2021,4,5779
SCH01,MP20,2021,4,5445
SCH01,MP21,2021,4,6207
SCH01,MP22,2021,4,5084
SCH01,MP23,2021,4,5447
SCH01,MP24,2021,4,5623
SCH01,MP25,2021,4,5836
SCH01,MP26,2021,4,6619
SCH01,MP27,2021,4,5227
SCH01,MP28,2021,4,5975
SCH01,MP29,2021,4,6161
SCH01,MP30,2021,4,4863
SCH01,MP31,2021,4,6196
SCH01,MP32,2021,4,5158
SCH01,MP33,2021,4,4907
SCH01,MP34,2021,4,7008
SCH01,MP35,2021,4,7047
SCH01,MP36,2021,4,6674
SCH01,MP37,2021,4,5477
SCH01,MP38,2021,4,4985
SCH01,MP39,2021,4,6379
SCH01,MP40,2021,4,5799
SCH01,MP41,2021,4,5043
SCH01,MP42,2021,4,5929
SCH01,MP43,2021,4,4834
SCH01,MP44,2021,4,6914
SCH01,MP45,2021,4,5368
SCH01,MP46,2021,4,6327
SCH01,MP47,2021,4,5493
SCH01,MP48,2021,4,5989
SCH01,MP49,2021,4,6052
SCH01,MP50,2021,4,5192
SCH01,MP51,2021,4,7057
SCH01,MP01,2021,5,5687
SCH01,MP02,2021,5,7067
SCH01,MP03,2021,5,6543
SCH01,MP04,2021,5,6224
SCH01,MP05,2021,5,5163
SCH01,MP06,2021,5,5163
SCH01,MP07,2021,5,4929
SCH01,MP08,2021,5,6864
SCH01,MP09,2021,5,6229
SCH01,MP10,2021,5,6486
SCH01,MP11,2021,5,4839
SCH01,MP12,2021,5,7113
SCH01,MP13,2021,5,6784
SCH01,MP14,2021,5,5298
SCH01,MP15,2021,5,5225
SCH01,MP16,2021,5,5229
SCH01,MP17,2021,5,5518
SCH01,MP18,2021,5,6047
SCH01,MP19,2021,5,5824
SCH01,MP20,2021,5,5487
SCH01,MP21,2021,5,6255
SCH01,MP22,2021,5,5124
SCH01,MP23,2021,5,5489
SCH01,MP24,2021,5,5667
SCH01,MP25,2021,5,5882
SCH01,MP26,2021,5,6670
SCH01,MP27,2021,5,5268
SCH01,MP28,2021,5,6021
SCH01,MP29,2021,5,6209
SCH01,MP30,2021,5,4901
SCH01,MP31,2021,5,6245
SCH01,MP32,2021,5,5198
SCH01,MP33,2021,5,4946
SCH01,MP34,2021,5,7062
SCH01,MP35,2021,5,7103
SCH01,MP36,2021,5,6726
SCH01,MP37,2021,5,5519
SCH01,MP38,2021,5,5024
SCH01,MP39,2021,5,6429
SCH01,MP40,2021,5,5844
SCH01,MP41,2021,5,5082
SCH01,MP42,2021,5,5976
SCH01,MP43,2021,5,4872
SCH01,MP44,2021,5,6968
SCH01,MP45,2021,5,5410
SCH01,MP46,2021,5,6377
SCH01,MP47,2021,5,5536
SCH01,MP48,2021,5,6035
SCH01,MP49,2021,5,6099
SCH01,MP50,2021,5,5232
SCH01,MP51,2021,5,7112
SCH01,MP01,2021,6,5379
SCH01,MP02,2021,6,6684
SCH01,MP03,2021,6,6189
SCH01,MP04,2021,6,5887
SCH01,MP05,2021,6,4884
SCH01,MP06,2021,6,4884
SCH01,MP07,2021,6,4662
SCH01,MP08,2021,6,6493
SCH01,MP09,2021,6,5892
SCH01,MP10,2021,6,6135
SCH01,MP11,2021,6,4577
SCH01,MP12,2021,6,6728
SCH01,MP13,2021,6,6417
SCH01,MP14,2021,6,5012
SCH01,MP15,2021,6,4943
SCH01,MP16,2021,6,4946
SCH01,MP17,2021,6,5220
SCH01,MP18,2021,6,5719
SCH01,MP19,2021,6,5509
SCH01,MP20,2021,6,5190
SCH01,MP21,2021,6,5917
SCH01,MP22,2021,6,4847
SCH01,MP23,2021,6,5192
SCH01,MP24,2021,6,5361
SCH01,MP25,2021,6,5564
SCH01,MP26,2021,6,6309
SCH01,MP27,2021,6,4983
SCH01,MP28,2021,6,5696
SCH01,MP29,2021,6,5873
SCH01,MP30,2021,6,4636
SCH01,MP31,2021,6,5907
SCH01,MP32,2021,6,4917
SCH01,MP33,2021,6,4678
SCH01,MP34,2021,6,6680
SCH01,MP35,2021,6,6718
SCH01,MP36,2021,6,6362
SCH01,MP37,2021,6,5221
SCH01,MP38,2021,6,4752
SCH01,MP39,2021,6,6081
SCH01,MP40,2021,6,5528
SCH01,MP41,2021,6,4807
SCH01,MP42,2021,6,5652
SCH01,MP43,2021,6,4608
SCH01,MP44,2021,6,6591
SCH01,MP45,2021,6,5117
SCH01,MP46,2021,6,6032
SCH01,MP47,2021,6,5237
SCH01,MP48,2021,6,5709
SCH01,MP49,2021,6,5769
SCH01,MP50,2021,6,4949
SCH01,MP51,2021,6,6727
SCH01,MP01,2021,7,5695
SCH01,MP02,2021,7,7077
SCH01,MP03,2021,7,6553
SCH01,MP04,2021,7,6233
SCH01,MP05,2021,7,5171
SCH01,MP06,2021,7,5171
SCH01,MP07,2021,7,4936
SCH01,MP08,2021,7,6875
SCH01,MP09,2021,7,6239
SCH01,MP10,2021,7,6495
SCH01,MP11,2021,7,4846
SCH01,MP12,2021,7,7123
SCH01,MP13,2021,7,6794
SCH01,MP14,2021,7,5306
SCH01,MP15,2021,7,5233
SCH01,MP16,2021,7,5237
SCH01,MP17,2021,7,5527
SCH01,MP18,2021,7,6056
SCH01,MP19,2021,7,5833
SCH01,MP20,2021,7,5495
SCH01,MP21,2021,7,6265
SCH01,MP22,2021,7,5132
SCH01,MP23,2021,7,5498
SCH01,MP24,2021,7,5676
SCH01,MP25,2021,7,5891
SCH01,MP26,2021,7,6680
SCH01,MP27,2021,7,5276
SCH01,MP28,2021,7,6030
SCH01,MP29,2021,7,6218
SCH01,MP30,2021,7,4908
SCH01,MP31,2021,7,6254
SCH01,MP32,2021,7,5206
SCH01,MP33,2021,7,4953
SCH01,MP34,2021,7,7073
SCH01,MP35,2021,7,7113
SCH01,MP36,2021,7,6736
SCH01,MP37,2021,7,5528
SCH01,MP38,2021,7,5031
SCH01,MP39,2021,7,6438
SCH01,MP40,2021,7,5853
SCH01,MP41,2021,7,5090
SCH01,MP42,2021,7,5985
SCH01,MP43,2021,7,4879
SCH01,MP44,2021,7,6978
SCH01,MP45,2021,7,5418
SCH01,MP46,2021,7,6386
SCH01,MP47,2021,7,5545
SCH01,MP48,2021,7,6044
SCH01,MP49,2021,7,6108
SCH01,MP50,2021,7,5240
SCH01,MP51,2021,7,7123
SCH01,MP01,2021,8,5449
SCH01,MP02,2021,8,6771
SCH01,MP03,2021,8,6269
SCH01,MP04,2021,8,5963
SCH01,MP05,2021,8,4948
SCH01,MP06,2021,8,4947
SCH01,MP07,2021,8,4723
SCH01,MP08,2021,8,6577
SCH01,MP09,2021,8,5969
SCH01,MP10,2021,8,6215
SCH01,MP11,2021,8,4637
SCH01,MP12,2021,8,6815
SCH01,MP13,2021,8,6500
SCH01,MP14,2021,8,5077
SCH01,MP15,2021,8,5007
SCH01,MP16,2021,8,5010
SCH01,MP17,2021,8,5288
SCH01,MP18,2021,8,5794
SCH01,MP19,2021,8,5581
SCH01,MP20,2021,8,5258
SCH01,MP21,2021,8,5994
SCH01,MP22,2021,8,4910
SCH01,MP23,2021,8,5260
SCH01,MP24,2021,8,5430
SCH01,MP25,2021,8,5636
SCH01,MP26,2021,8,6391
SCH01,MP27,2021,8,5048
SCH01,MP28,2021,8,5770
SCH01,MP29,2021,8,5949
SCH01,MP30,2021,8,4696
SCH01,MP31,2021,8,5984
SCH01,MP32,2021,8,4981
SCH01,MP33,2021,8,4739
SCH01,MP34,2021,8,6767
SCH01,MP35,2021,8,6806
SCH01,MP36,2021,8,6445
SCH01,MP37,2021,8,5289
SCH01,MP38,2021,8,4814
SCH01,MP39,2021,8,6160
SCH01,MP40,2021,8,5600
SCH01,MP41,2021,8,4870
SCH01,MP42,2021,8,5726
SCH01,MP43,2021,8,4668
SCH01,MP44,2021,8,6676
SCH01,MP45,2021,8,5183
SCH01,MP46,2021,8,6110
SCH01,MP47,2021,8,5305
SCH01,MP48,2021,8,5783
SCH01,MP49,2021,8,5844
SCH01,MP50,2021,8,5014
SCH01,MP51,2021,8,6815
SCH01,MP01,2021,9,5390
SCH01,MP02,2021,9,6697
SCH01,MP03,2021,9,6201
SCH01,MP04,2021,9,5898
SCH01,MP05,2021,9,4894
SCH01,MP06,2021,9,4894
SCH01,MP07,2021,9,4671
SCH01,MP08,2021,9,6506
SCH01,MP09,2021,9,5904
SCH01,MP10,2021,9,6147
SCH01,MP11,2021,9,4586
SCH01,MP12,2021,9,6741
SCH01,MP13,2021,9,6429
SCH01,MP14,2021,9,5021
SCH01,MP15,2021,9,4952
SCH01,MP16,2021,9,4956
SCH01,MP17,2021,9,5230
SCH01,MP18,2021,9,5731
SCH01,MP19,2021,9,5520
SCH01,MP20,2021,9,5200
SCH01,MP21,2021,9,5928
SCH01,MP22,2021,9,4856
SCH01,MP23,2021,9,5203
SCH01,MP24,2021,9,5371
SCH01,MP25,2021,9,5575
SCH01,MP26,2021,9,6322
SCH01,MP27,2021,9,4993
SCH01,MP28,2021,9,5707
SCH01,MP29,2021,9,5884
SCH01,MP30,2021,9,4645
SCH01,MP31,2021,9,5919
SCH01,MP32,2021,9,4926
SCH01,MP33,2021,9,4687
SCH01,MP34,2021,9,6693
SCH01,MP35,2021,9,6731
SCH01,MP36,2021,9,6374
SCH01,MP37,2021,9,5231
SCH01,MP38,2021,9,4761
SCH01,MP39,2021,9,6093
SCH01,MP40,2021,9,5539
SCH01,MP41,2021,9,4816
SCH01,MP42,2021,9,5663
SCH01,MP43,2021,9,4617
SCH01,MP44,2021,9,6604
SCH01,MP45,2021,9,5127
SCH01,MP46,2021,9,6043
SCH01,MP47,2021,9,5247
SCH01,MP48,2021,9,5720
SCH01,MP49,2021,9,5780
SCH01,MP50,2021,9,4959
SCH01,MP51,2021,9,6740
SCH01,MP01,2021,10,5888
SCH01,MP02,2021,10,7316
SCH01,MP03,2021,10,6774
SCH01,MP04,2021,10,6443
SCH01,MP05,2021,10,5346
SCH01,MP06,2021,10,5346
SCH01,MP07,2021,10,5103
SCH01,MP08,2021,10,7107
SCH01,MP09,2021,10,6450
SCH01,MP10,2021,10,6715
SCH01,MP11,2021,10,5010
SCH01,MP12,2021,10,7364
SCH01,MP13,2021,10,7023
SCH01,MP14,2021,10,5485
SCH01,MP15,2021,10,5410
SCH01,MP16,2021,10,5414
SCH01,MP17,2021,10,5713
SCH01,MP18,2021,10,6260
SCH01,MP19,2021,10,6030
SCH01,MP20,2021,10,5681
SCH01,MP21,2021,10,6476
SCH01,MP22,2021,10,5305
SCH01,MP23,2021,10,5683
SCH01,MP24,2021,10,5867
SCH01,MP25,2021,10,6090
SCH01,MP26,2021,10,6906
SCH01,MP27,2021,10,5454
SCH01,MP28,2021,10,6234
SCH01,MP29,2021,10,6428
SCH01,MP30,2021,10,5074
SCH01,MP31,2021,10,6465
SCH01,MP32,2021,10,5382
SCH01,MP33,2021,10,5120
SCH01,MP34,2021,10,7312
SCH01,MP35,2021,10,7353
SCH01,MP36,2021,10,6964
SCH01,MP37,2021,10,5714
SCH01,MP38,2021,10,5201
SCH01,MP39,2021,10,6656
SCH01,MP40,2021,10,6050
SCH01,MP41,2021,10,5262
SCH01,MP42,2021,10,6187
SCH01,MP43,2021,10,5044
SCH01,MP44,2021,10,7214
SCH01,MP45,2021,10,5601
SCH01,MP46,2021,10,6602
SCH01,MP47,2021,10,5732
SCH01,MP48,2021,10,6249
SCH01,MP49,2021,10,6315
SCH01,MP50,2021,10,5417
SCH01,MP51,2021,10,7363
SCH01,MP01,2021,11,5897
SCH01,MP02,2021,11,7328
SCH01,MP03,2021,11,6785
SCH01,MP04,2021,11,6454
SCH01,MP05,2021,11,5354
SCH01,MP06,2021,11,5354
SCH01,MP07,2021,11,5111
SCH01,MP08,2021,11,7118
SCH01,MP09,2021,11,6460
SCH01,MP10,2021,11,6726
SCH01,MP11,2021,11,5018
SCH01,MP12,2021,11,7376
SCH01,MP13,2021,11,7034
SCH01,MP14,2021,11,5494
SCH01,MP15,2021,11,5418
SCH01,MP16,2021,11,5422
SCH01,MP17,2021,11,5723
SCH01,MP18,2021,11,6270
SCH01,MP19,2021,11,6040
SCH01,MP20,2021,11,5690
SCH01,MP21,2021,11,6487
SCH01,MP22,2021,11,5313
SCH01,MP23,2021,11,5692
SCH01,MP24,2021,11,5877
SCH01,MP25,2021,11,6100
SCH01,MP26,2021,11,6917
SCH01,MP27,2021,11,5463
SCH01,MP28,2021,11,6244
SCH01,MP29,2021,11,6438
SCH01,MP30,2021,11,5082
SCH01,MP31,2021,11,6476
SCH01,MP32,2021,11,5390
SCH01,MP33,2021,11,5128
SCH01,MP34,2021,11,7324
SCH01,MP35,2021,11,7365
SCH01,MP36,2021,11,6975
SCH01,MP37,2021,11,5723
SCH01,MP38,2021,11,5209
SCH01,MP39,2021,11,6666
SCH01,MP40,2021,11,6060
SCH01,MP41,2021,11,5270
SCH01,MP42,2021,11,6197
SCH01,MP43,2021,11,5052
SCH01,MP44,2021,11,7225
SCH01,MP45,2021,11,5610
SCH01,MP46,2021,11,6612
SCH01,MP47,2021,11,5741
SCH01,MP48,2021,11,6259
SCH01,MP49,2021,11,6325
SCH01,MP50,2021,11,5426
SCH01,MP51,2021,11,7375
SCH01,MP01,2021,12,5808
SCH01,MP02,2021,12,7218
SCH01,MP03,2021,12,6683
SCH01,MP04,2021,12,6357
SCH01,MP05,2021,12,5274
SCH01,MP06,2021,12,5274
SCH01,MP07,2021,12,5034
SCH01,MP08,2021,12,7011
SCH01,MP09,2021,12,6363
SCH01,MP10,2021,12,6624
SCH01,MP11,2021,12,4943
SCH01,MP12,2021,12,7265
SCH01,MP13,2021,12,6929
SCH01,MP14,2021,12,5412
SCH01,MP15,2021,12,5337
SCH01,MP16,2021,12,5341
SCH01,MP17,2021,12,5637
SCH01,MP18,2021,12,6176
SCH01,MP19,2021,12,5949
SCH01,MP20,2021,12,5605
SCH01,MP21,2021,12,6389
SCH01,MP22,2021,12,5233
SCH01,MP23,2021,12,5607
SCH01,MP24,2021,12,5788
SCH01,MP25,2021,12,6008
SCH01,MP26,2021,12,6813
SCH01,MP27,2021,12,5381
SCH01,MP28,2021,12,6150
SCH01,MP29,2021,12,6341
SCH01,MP30,2021,12,5006
SCH01,MP31,2021,12,6379
SCH01,MP32,2021,12,5309
SCH01,MP33,2021,12,5051
SCH01,MP34,2021,12,7214
SCH01,MP35,2021,12,7255
SCH01,MP36,2021,12,6870
SCH01,MP37,2021,12,5637
SCH01,MP38,2021,12,5131
SCH01,MP39,2021,12,6566
SCH01,MP40,2021,12,5969
SCH01,MP41,2021,12,5191
SCH01,MP42,2021,12,6104
SCH01,MP43,2021,12,4976
SCH01,MP44,2021,12,7117
SCH01,MP45,2021,12,5525
SCH01,MP46,2021,12,6513
SCH01,MP47,2021,12,5655
SCH01,MP48,2021,12,6165
SCH01,MP49,2021,12,6230
SCH01,MP50,2021,12,5344
SCH01,MP51,2021,12,7264
SCH01,MP01,2022,1,6314
SCH01,MP02,2022,1,7846
SCH01,MP03,2022,1,7264
SCH01,MP04,2022,1,6910
SCH01,MP05,2022,1,5733
SCH01,MP06,2022,1,5733
SCH01,MP07,2022,1,5472
SCH01,MP08,2022,1,7621
SCH01,MP09,2022,1,6916
SCH01,MP10,2022,1,7201
SCH01,MP11,2022,1,5373
SCH01,MP12,2022,1,7897
SCH01,MP13,2022,1,7532
SCH01,MP14,2022,1,5883
SCH01,MP15,2022,1,5801
SCH01,MP16,2022,1,5806
SCH01,MP17,2022,1,6127
SCH01,MP18,2022,1,6713
SCH01,MP19,2022,1,6467
SCH01,MP20,2022,1,6092
SCH01,MP21,2022,1,6945
SCH01,MP22,2022,1,5689
SCH01,MP23,2022,1,6095
SCH01,MP24,2022,1,6292
SCH01,MP25,2022,1,6531
SCH01,MP26,2022,1,7406
SCH01,MP27,2022,1,5849
SCH01,MP28,2022,1,6685
SCH01,MP29,2022,1,6893
SCH01,MP30,2022,1,5441
SCH01,MP31,2022,1,6934
SCH01,MP32,2022,1,5771
SCH01,MP33,2022,1,5491
SCH01,MP34,2022,1,7841
SCH01,MP35,2022,1,7886
SCH01,MP36,2022,1,7468
SCH01,MP37,2022,1,6128
SCH01,MP38,2022,1,5578
SCH01,MP39,2022,1,7137
SCH01,MP40,2022,1,6488
SCH01,MP41,2022,1,5642
SCH01,MP42,2022,1,6635
SCH01,MP43,2022,1,5409
SCH01,MP44,2022,1,7736
SCH01,MP45,2022,1,6006
SCH01,MP46,2022,1,7080
SCH01,MP47,2022,1,6147
SCH01,MP48,2022,1,6701
SCH01,MP49,2022,1,6772
SCH01,MP50,2022,1,5810
SCH01,MP51,2022,1,7896
SCH01,MP01,2022,2,6181
SCH01,MP02,2022,2,7680
SCH01,MP03,2022,2,7111
SCH01,MP04,2022,2,6764
SCH01,MP05,2022,2,5612
SCH01,MP06,2022,2,5612
SCH01,MP07,2022,2,5357
SCH01,MP08,2022,2,7460
SCH01,MP09,2022,2,6770
SCH01,MP10,2022,2,7049
SCH01,MP11,2022,2,5259
SCH01,MP12,2022,2,7730
SCH01,MP13,2022,2,7373
SCH01,MP14,2022,2,5758
SCH01,MP15,2022,2,5679
SCH01,MP16,2022,2,5683
SCH01,MP17,2022,2,5998
SCH01,MP18,2022,2,6572
SCH01,MP19,2022,2,6330
SCH01,MP20,2022,2,5964
SCH01,MP21,2022,2,6798
SCH01,MP22,2022,2,5569
SCH01,MP23,2022,2,5966
SCH01,MP24,2022,2,6159
SCH01,MP25,2022,2,6393
SCH01,MP26,2022,2,7250
SCH01,MP27,2022,2,5725
SCH01,MP28,2022,2,6544
SCH01,MP29,2022,2,6748
SCH01,MP30,2022,2,5327
SCH01,MP31,2022,2,6787
SCH01,MP32,2022,2,5650
SCH01,MP33,2022,2,5375
SCH01,MP34,2022,2,7676
SCH01,MP35,2022,2,7719
SCH01,MP36,2022,2,7310
SCH01,MP37,2022,2,5999
SCH01,MP38,2022,2,5460
SCH01,MP39,2022,2,6987
SCH01,MP40,2022,2,6351
SCH01,MP41,2022,2,5523
SCH01,MP42,2022,2,6495
SCH01,MP43,2022,2,5295
SCH01,MP44,2022,2,7573
SCH01,MP45,2022,2,5879
SCH01,MP46,2022,2,6930
SCH01,MP47,2022,2,6017
SCH01,MP48,2022,2,6559
SCH01,MP49,2022,2,6629
SCH01,MP50,2022,2,5687
SCH01,MP51,2022,2,7730
SCH01,MP01,2022,3,6558
SCH01,MP02,2022,3,8150
SCH01,MP03,2022,3,7546
SCH01,MP04,2022,3,7177
SCH01,MP05,2022,3,5955
SCH01,MP06,2022,3,5955
SCH01,MP07,2022,3,5684
SCH01,MP08,2022,3,7916
SCH01,MP09,2022,3,7184
SCH01,MP10,2022,3,7480
SCH01,MP11,2022,3,5581
SCH01,MP12,2022,3,8203
SCH01,MP13,2022,3,7823
SCH01,MP14,2022,3,6110
SCH01,MP15,2022,3,6026
SCH01,MP16,2022,3,6030
SCH01,MP17,2022,3,6364
SCH01,MP18,2022,3,6973
SCH01,MP19,2022,3,6717
SCH01,MP20,2022,3,6328
SCH01,MP21,2022,3,7214
SCH01,MP22,2022,3,5909
SCH01,MP23,2022,3,6331
SCH01,MP24,2022,3,6536
SCH01,MP25,2022,3,6784
SCH01,MP26,2022,3,7693
SCH01,MP27,2022,3,6075
SCH01,MP28,2022,3,6944
SCH01,MP29,2022,3,7160
SCH01,MP30,2022,3,5652
SCH01,MP31,2022,3,7202
SCH01,MP32,2022,3,5995
SCH01,MP33,2022,3,5704
SCH01,MP34,2022,3,8145
SCH01,MP35,2022,3,8191
SCH01,MP36,2022,3,7757
SCH01,MP37,2022,3,6365
SCH01,MP38,2022,3,5794
SCH01,MP39,2022,3,7414
SCH01,MP40,2022,3,6740
SCH01,MP41,2022,3,5861
SCH01,MP42,2022,3,6892
SCH01,MP43,2022,3,5619
SCH01,MP44,2022,3,8036
SCH01,MP45,2022,3,6239
SCH01,MP46,2022,3,7354
SCH01,MP47,2022,3,6385
SCH01,MP48,2022,3,6960
SCH01,MP49,2022,3,7034
SCH01,MP50,2022,3,6034
SCH01,MP51,2022,3,8202
SCH01,MP01,2022,4,6401
SCH01,MP02,2022,4,7955
SCH01,MP03,2022,4,7365
SCH01,MP04,2022,4,7005
SCH01,MP05,2022,4,5812
SCH01,MP06,2022,4,5812
SCH01,MP07,2022,4,5548
SCH01,MP08,2022,4,7727
SCH01,MP09,2022,4,7012
SCH01,MP10,2022,4,7300
SCH01,MP11,2022,4,5447
SCH01,MP12,2022,4,8006
SCH01,MP13,2022,4,7636
SCH01,MP14,2022,4,5964
SCH01,MP15,2022,4,5882
SCH01,MP16,2022,4,5886
SCH01,MP17,2022,4,6212
SCH01,MP18,2022,4,6806
SCH01,MP19,2022,4,6556
SCH01,MP20,2022,4,6177
SCH01,MP21,2022,4,7041
SCH01,MP22,2022,4,5768
SCH01,MP23,2022,4,6179
SCH01,MP24,2022,4,6379
SCH01,MP25,2022,4,6621
SCH01,MP26,2022,4,7508
SCH01,MP27,2022,4,5930
SCH01,MP28,2022,4,6778
SCH01,MP29,2022,4,6989
SCH01,MP30,2022,4,5517
SCH01,MP31,2022,4,7029
SCH01,MP32,2022,4,5851
SCH01,MP33,2022,4,5567
SCH01,MP34,2022,4,7950
SCH01,MP35,2022,4,7995
SCH01,MP36,2022,4,7571
SCH01,MP37,2022,4,6213
SCH01,MP38,2022,4,5655
SCH01,MP39,2022,4,7236
SCH01,MP40,2022,4,6578
SCH01,MP41,2022,4,5720
SCH01,MP42,2022,4,6726
SCH01,MP43,2022,4,5484
SCH01,MP44,2022,4,7843
SCH01,MP45,2022,4,6089
SCH01,MP46,2022,4,7178
SCH01,MP47,2022,4,6232
SCH01,MP48,2022,4,6794
SCH01,MP49,2022,4,6865
SCH01,MP50,2022,4,5890
SCH01,MP51,2022,4,8005
SCH01,MP01,2022,5,6196
SCH01,MP02,2022,5,7700
SCH01,MP03,2022,5,7129
SCH01,MP04,2022,5,6781
SCH01,MP05,2022,5,5626
SCH01,MP06,2022,5,5626
SCH01,MP07,2022,5,5370
SCH01,MP08,2022,5,7479
SCH01,MP09,2022,5,6788
SCH01,MP10,2022,5,7067
SCH01,MP11,2022,5,5273
SCH01,MP12,2022,5,7750
SCH01,MP13,2022,5,7391
SCH01,MP14,2022,5,5773
SCH01,MP15,2022,5,5693
SCH01,MP16,2022,5,5698
SCH01,MP17,2022,5,6013
SCH01,MP18,2022,5,6588
SCH01,MP19,2022,5,6346
SCH01,MP20,2022,5,5979
SCH01,MP21,2022,5,6816
SCH01,MP22,2022,5,5583
SCH01,MP23,2022,5,5981
SCH01,MP24,2022,5,6175
SCH01,MP25,2022,5,6409
SCH01,MP26,2022,5,7268
SCH01,MP27,2022,5,5740
SCH01,MP28,2022,5,6561
SCH01,MP29,2022,5,6765
SCH01,MP30,2022,5,5340
SCH01,MP31,2022,5,6804
SCH01,MP32,2022,5,5664
SCH01,MP33,2022,5,5389
SCH01,MP34,2022,5,7695
SCH01,MP35,2022,5,7739
SCH01,MP36,2022,5,7329
SCH01,MP37,2022,5,6014
SCH01,MP38,2022,5,5474
SCH01,MP39,2022,5,7005
SCH01,MP40,2022,5,6368
SCH01,MP41,2022,5,5537
SCH01,MP42,2022,5,6511
SCH01,MP43,2022,5,5309
SCH01,MP44,2022,5,7592
SCH01,MP45,2022,5,5894
SCH01,MP46,2022,5,6948
SCH01,MP47,2022,5,6032
SCH01,MP48,2022,5,6576
SCH01,MP49,2022,5,6646
SCH01,MP50,2022,5,5701
SCH01,MP51,2022,5,7749
SCH01,MP01,2022,6,6437
SCH01,MP02,2022,6,7999
SCH01,MP03,2022,6,7406
SCH01,MP04,2022,6,7044
SCH01,MP05,2022,6,5844
SCH01,MP06,2022,6,5844
SCH01,MP07,2022,6,5579
SCH01,MP08,2022,6,7769
SCH01,MP09,2022,6,7051
SCH01,MP10,2022,6,7341
SCH01,MP11,2022,6,5477
SCH01,MP12,2022,6,8051
SCH01,MP13,2022,6,7678
SCH01,MP14,2022,6,5997
SCH01,MP15,2022,6,5914
SCH01,MP16,2022,6,5918
SCH01,MP17,2022,6,6246
SCH01,MP18,2022,6,6844
SCH01,MP19,2022,6,6592
SCH01,MP20,2022,6,6211
SCH01,MP21,2022,6,7080
SCH01,MP22,2022,6,5799
SCH01,MP23,2022,6,6213
SCH01,MP24,2022,6,6414
SCH01,MP25,2022,6,6658
SCH01,MP26,2022,6,7550
SCH01,MP27,2022,6,5963
SCH01,MP28,2022,6,6815
SCH01,MP29,2022,6,7027
SCH01,MP30,2022,6,5547
SCH01,MP31,2022,6,7068
SCH01,MP32,2022,6,5884
SCH01,MP33,2022,6,5598
SCH01,MP34,2022,6,7994
SCH01,MP35,2022,6,8039
SCH01,MP36,2022,6,7613
SCH01,MP37,2022,6,6247
SCH01,MP38,2022,6,5686
SCH01,MP39,2022,6,7276
SCH01,MP40,2022,6,6615
SCH01,MP41,2022,6,5752
SCH01,MP42,2022,6,6764
SCH01,MP43,2022,6,5515
SCH01,MP44,2022,6,7886
SCH01,MP45,2022,6,6123
SCH01,MP46,2022,6,7217
SCH01,MP47,2022,6,6266
SCH01,MP48,2022,6,6831
SCH01,MP49,2022,6,6903
SCH01,MP50,2022,6,5922
SCH01,MP51,2022,6,8050
SCH01,MP01,2022,7,6140
SCH01,MP02,2022,7,7630
SCH01,MP03,2022,7,7064
SCH01,MP04,2022,7,6719
SCH01,MP05,2022,7,5575
SCH01,MP06,2022,7,5575
SCH01,MP07,2022,7,5322
SCH01,MP08,2022,7,7411
SCH01,MP09,2022,7,6726
SCH01,MP10,2022,7,7002
SCH01,MP11,2022,7,5225
SCH01,MP12,2022,7,7679
SCH01,MP13,2022,7,7324
SCH01,MP14,2022,7,5720
SCH01,MP15,2022,7,5642
SCH01,MP16,2022,7,5646
SCH01,MP17,2022,7,5958
SCH01,MP18,2022,7,6528
SCH01,MP19,2022,7,6288
SCH01,MP20,2022,7,5924
SCH01,MP21,2022,7,6754
SCH01,MP22,2022,7,5532
SCH01,MP23,2022,7,5927
SCH01,MP24,2022,7,6119
SCH01,MP25,2022,7,6351
SCH01,MP26,2022,7,7202
SCH01,MP27,2022,7,5688
SCH01,MP28,2022,7,6501
SCH01,MP29,2022,7,6703
SCH01,MP30,2022,7,5291
SCH01,MP31,2022,7,6742
SCH01,MP32,2022,7,5612
SCH01,MP33,2022,7,5340
SCH01,MP34,2022,7,7625
SCH01,MP35,2022,7,7668
SCH01,MP36,2022,7,7262
SCH01,MP37,2022,7,5959
SCH01,MP38,2022,7,5424
SCH01,MP39,2022,7,6941
SCH01,MP40,2022,7,6310
SCH01,MP41,2022,7,5487
SCH01,MP42,2022,7,6452
SCH01,MP43,2022,7,5260
SCH01,MP44,2022,7,7523
SCH01,MP45,2022,7,5841
SCH01,MP46,2022,7,6885
SCH01,MP47,2022,7,5977
SCH01,MP48,2022,7,6516
SCH01,MP49,2022,7,6585
SCH01,MP50,2022,7,5649
SCH01,MP51,2022,7,7679
SCH01,MP01,2022,8,6703
SCH01,MP02,2022,8,8330
SCH01,MP03,2022,8,7713
SCH01,MP04,2022,8,7336
SCH01,MP05,2022,8,6086
SCH01,MP06,2022,8,6086
SCH01,MP07,2022,8,5810
SCH01,MP08,2022,8,8091
SCH01,MP09,2022,8,7343
SCH01,MP10,2022,8,7645
SCH01,MP11,2022,8,5704
SCH01,MP12,2022,8,8384
SCH01,MP13,2022,8,7996
SCH01,MP14,2022,8,6245
SCH01,MP15,2022,8,6159
SCH01,MP16,2022,8,6164
SCH01,MP17,2022,8,6505
SCH01,MP18,2022,8,7127
SCH01,MP19,2022,8,6865
SCH01,MP20,2022,8,6468
SCH01,MP21,2022,8,7373
SCH01,MP22,2022,8,6040
SCH01,MP23,2022,8,6471
SCH01,MP24,2022,8,6680
SCH01,MP25,2022,8,6934
SCH01,MP26,2022,8,7863
SCH01,MP27,2022,8,6210
SCH01,MP28,2022,8,7098
SCH01,MP29,2022,8,7318
SCH01,MP30,2022,8,5777
SCH01,MP31,2022,8,7361
SCH01,MP32,2022,8,6127
SCH01,MP33,2022,8,5830
SCH01,MP34,2022,8,8325
SCH01,MP35,2022,8,8372
SCH01,MP36,2022,8,7928
SCH01,MP37,2022,8,6506
SCH01,MP38,2022,8,5922
SCH01,MP39,2022,8,7578
SCH01,MP40,2022,8,6889
SCH01,MP41,2022,8,5990
SCH01,MP42,2022,8,7044
SCH01,MP43,2022,8,5743
SCH01,MP44,2022,8,8213
SCH01,MP45,2022,8,6377
SCH01,MP46,2022,8,7516
SCH01,MP47,2022,8,6526
SCH01,MP48,2022,8,7114
SCH01,MP49,2022,8,7189
SCH01,MP50,2022,8,6168
SCH01,MP51,2022,8,8383
SCH01,MP01,2022,9,6284
SCH01,MP02,2022,9,7809
SCH01,MP03,2022,9,7230
SCH01,MP04,2022,9,6878
SCH01,MP05,2022,9,5706
SCH01,MP06,2022,9,5706
SCH01,MP07,2022,9,5447
SCH01,MP08,2022,9,7586
SCH01,MP09,2022,9,6884
SCH01,MP10,2022,9,7167
SCH01,MP11,2022,9,5348
SCH01,MP12,2022,9,7860
SCH01,MP13,2022,9,7496
SCH01,MP14,2022,9,5855
SCH01,MP15,2022,9,5774
SCH01,MP16,2022,9,5778
SCH01,MP17,2022,9,6098
SCH01,MP18,2022,9,6682
SCH01,MP19,2022,9,6436
SCH01,MP20,2022,9,6064
SCH01,MP21,2022,9,6913
SCH01,MP22,2022,9,5662
SCH01,MP23,2022,9,6066
SCH01,MP24,2022,9,6263
SCH01,MP25,2022,9,6500
SCH01,MP26,2022,9,7371
SCH01,MP27,2022,9,5822
SCH01,MP28,2022,9,6654
SCH01,MP29,2022,9,6861
SCH01,MP30,2022,9,5416
SCH01,MP31,2022,9,6901
SCH01,MP32,2022,9,5744
SCH01,MP33,2022,9,5465
SCH01,MP34,2022,9,7805
SCH01,MP35,2022,9,7849
SCH01,MP36,2022,9,7433
SCH01,MP37,2022,9,6099
SCH01,MP38,2022,9,5552
SCH01,MP39,2022,9,7104
SCH01,MP40,2022,9,6458
SCH01,MP41,2022,9,5616
SCH01,MP42,2022,9,6604
SCH01,MP43,2022,9,5384
SCH01,MP44,2022,9,7700
SCH01,MP45,2022,9,5978
SCH01,MP46,2022,9,7047
SCH01,MP47,2022,9,6118
SCH01,MP48,2022,9,6670
SCH01,MP49,2022,9,6740
SCH01,MP50,2022,9,5782
SCH01,MP51,2022,9,7859
SCH01,MP01,2022,10,6544
SCH01,MP02,2022,10,8133
SCH01,MP03,2022,10,7530
SCH01,MP04,2022,10,7162
SCH01,MP05,2022,10,5942
SCH01,MP06,2022,10,5942
SCH01,MP07,2022,10,5672
SCH01,MP08,2022,10,7899
SCH01,MP09,2022,10,7169
SCH01,MP10,2022,10,7464
SCH01,MP11,2022,10,5569
SCH01,MP12,2022,10,8185
SCH01,MP13,2022,10,7807
SCH01,MP14,2022,10,6097
SCH01,MP15,2022,10,6013
SCH01,MP16,2022,10,6018
SCH01,MP17,2022,10,6351
SCH01,MP18,2022,10,6958
SCH01,MP19,2022,10,6703
SCH01,MP20,2022,10,6315
SCH01,MP21,2022,10,7199
SCH01,MP22,2022,10,5897
SCH01,MP23,2022,10,6317
SCH01,MP24,2022,10,6522
SCH01,MP25,2022,10,6769
SCH01,MP26,2022,10,7676
SCH01,MP27,2022,10,6062
SCH01,MP28,2022,10,6929
SCH01,MP29,2022,10,7145
SCH01,MP30,2022,10,5640
SCH01,MP31,2022,10,7187
SCH01,MP32,2022,10,5982
SCH01,MP33,2022,10,5691
SCH01,MP34,2022,10,8127
SCH01,MP35,2022,10,8174
SCH01,MP36,2022,10,7740
SCH01,MP37,2022,10,6352
SCH01,MP38,2022,10,5781
SCH01,MP39,2022,10,7398
SCH01,MP40,2022,10,6725
SCH01,MP41,2022,10,5848
SCH01,MP42,2022,10,6877
SCH01,MP43,2022,10,5607
SCH01,MP44,2022,10,8018
SCH01,MP45,2022,10,6225
SCH01,MP46,2022,10,7338
SCH01,MP47,2022,10,6371
SCH01,MP48,2022,10,6946
SCH01,MP49,2022,10,7019
SCH01,MP50,2022,10,6022
SCH01,MP51,2022,10,8185
SCH01,MP01,2022,11,6318
SCH01,MP02,2022,11,7852
SCH01,MP03,2022,11,7270
SCH01,MP04,2022,11,6915
SCH01,MP05,2022,11,5737
SCH01,MP06,2022,11,5737
SCH01,MP07,2022,11,5476
SCH01,MP08,2022,11,7627
SCH01,MP09,2022,11,6921
SCH01,MP10,2022,11,7206
SCH01,MP11,2022,11,5377
SCH01,MP12,2022,11,7903
SCH01,MP13,2022,11,7537
SCH01,MP14,2022,11,5887
SCH01,MP15,2022,11,5806
SCH01,MP16,2022,11,5810
SCH01,MP17,2022,11,6131
SCH01,MP18,2022,11,6718
SCH01,MP19,2022,11,6471
SCH01,MP20,2022,11,6097
SCH01,MP21,2022,11,6950
SCH01,MP22,2022,11,5693
SCH01,MP23,2022,11,6099
SCH01,MP24,2022,11,6297
SCH01,MP25,2022,11,6535
SCH01,MP26,2022,11,7411
SCH01,MP27,2022,11,5853
SCH01,MP28,2022,11,6690
SCH01,MP29,2022,11,6898
SCH01,MP30,2022,11,5445
SCH01,MP31,2022,11,6939
SCH01,MP32,2022,11,5776
SCH01,MP33,2022,11,5495
SCH01,MP34,2022,11,7847
SCH01,MP35,2022,11,7891
SCH01,MP36,2022,11,7473
SCH01,MP37,2022,11,6132
SCH01,MP38,2022,11,5582
SCH01,MP39,2022,11,7143
SCH01,MP40,2022,11,6493
SCH01,MP41,2022,11,5647
SCH01,MP42,2022,11,6640
SCH01,MP43,2022,11,5413
SCH01,MP44,2022,11,7742
SCH01,MP45,2022,11,6010
SCH01,MP46,2022,11,7085
SCH01,MP47,2022,11,6151
SCH01,MP48,2022,11,6706
SCH01,MP49,2022,11,6777
SCH01,MP50,2022,11,5814
SCH01,MP51,2022,11,7902
SCH01,MP01,2022,12,6453
SCH01,MP02,2022,12,8019
SCH01,MP03,2022,12,7424
SCH01,MP04,2022,12,7062
SCH01,MP05,2022,12,5859
SCH01,MP06,2022,12,5859
SCH01,MP07,2022,12,5593
SCH01,MP08,2022,12,7789
SCH01,MP09,2022,12,7068
SCH01,MP10,2022,12,7359
SCH01,MP11,2022,12,5491
SCH01,MP12,2022,12,8071
SCH01,MP13,2022,12,7697
SCH01,MP14,2022,12,6012
SCH01,MP15,2022,12,5929
SCH01,MP16,2022,12,5933
SCH01,MP17,2022,12,6262
SCH01,MP18,2022,12,6861
SCH01,MP19,2022,12,6609
SCH01,MP20,2022,12,6226
SCH01,MP21,2022,12,7098
SCH01,MP22,2022,12,5814
SCH01,MP23,2022,12,6229
SCH01,MP24,2022,12,6430
SCH01,MP25,2022,12,6674
SCH01,MP26,2022,12,7569
SCH01,MP27,2022,12,5977
SCH01,MP28,2022,12,6832
SCH01,MP29,2022,12,7045
SCH01,MP30,2022,12,5561
SCH01,MP31,2022,12,7086
SCH01,MP32,2022,12,5898
SCH01,MP33,2022,12,5612
SCH01,MP34,2022,12,8014
SCH01,MP35,2022,12,8059
SCH01,MP36,2022,12,7632
SCH01,MP37,2022,12,6263
SCH01,MP38,2022,12,5700
SCH01,MP39,2022,12,7294
SCH01,MP40,2022,12,6631
SCH01,MP41,2022,12,5766
SCH01,MP42,2022,12,6781
SCH01,MP43,2022,12,5528
SCH01,MP44,2022,12,7906
SCH01,MP45,2022,12,6138
SCH01,MP46,2022,12,7235
SCH01,MP47,2022,12,6282
SCH01,MP48,2022,12,6848
SCH01,MP49,2022,12,6921
SCH01,MP50,2022,12,5937
SCH01,MP51,2022,12,8070
